Workbook

Sheet اسلحة
A1: الأقاليم | B1: عدد القضايا | C1: عدد الاقافات | D1: بندقية صيد | E1: مسدس | F1: بندقية ضغط هوائي | G1: خرطوشة | H1: اطلاقات | I1: ظروف | K1: عدد الاشعار
A2: نابل
A3: مدنين
A4: قفصة
A5: قبلي
A6: قابس
A7: صفاقس
A8: سيدي بوزيد | B8: 1 | D8: 1 | K8: 230
A9: سوسة
A10: سليانة | B10: 1 | C10: 1 | D10: 1 | G10: 22 | K10: 142/144
A11: زغوان
A12: جندوبة
A13: تونس
A14: توزر
A15: تطاوين
A16: بنزرت
A17: بن عروس
A18: باجة
A19: أريانة
A20: المهدية
A21: المنستير
A22: الكاف
... A31: إدارة الشؤون العدلية
A33: المجموع | B33: =SUM(B2:B31) -> 2 | C33: =SUM(C2:C31) -> 1 | D33: =SUM(D2:D31) -> 2 | E33: =SUM(E2:E31) -> 0 | F33: =SUM(F2:F31) -> 0 | G33: =SUM(G2:G31) -> 22 | H33: =SUM(H2:H31) -> 0 | I33: =SUM(I2:I31) -> 0 | K33: ***
M37: =IF(D33=0,"",IF(D33=1,"-عدد 01 بندقية صيد.",IF(AND(D33>=2,D33<=10),"- عدد "&D33&" بنادق صيد."," - عدد "&D33&" بندقية صيد."))) -> - عدد 2 بنادق صيد.
M38: =IF(E33=0,"",IF(E33=1,"-عدد 01 مسدس.",IF(AND(E33>=2,E33<=10),"- عدد "&E33&" مسدسات."," - عدد "&E33&" مسدس.")))
M39: =IF(F33=0,"",IF(F33=1,"-عدد 01 بندقية ضغط هوائي.",IF(AND(F33>=2,F33<=10),"- عدد "&F33&" بنادق ضغط هوائي."," - عدد "&F33&" بندقية ضغط هوائي.")))
M40: =IF(G33=0,"",IF(G33=1,"-عدد 01 خرطوشة.",IF(AND(G33>=2,G33<=10),"- عدد "&G33&" خراطيش."," - عدد "&G33&" خرطوشة."))) -> - عدد 22 خرطوشة.
M41: =IF(H33=0,"",IF(H33=1,"-عدد 01 اطلاقة.",IF(AND(H33>=2,H33<=10),"- عدد "&H33&" اطلاقات."," - عدد "&H33&" اطلاقة.")))
M42: =IF(I33=0,"",IF(I33=1,"-عدد 01 ظرف.",IF(AND(I33>=2,I33<=10),"- عدد "&I33&" ظروف."," - عدد "&I33&" ظرف.")))
M43: =IF(D39=0,"",IF(D39=1,"عدد 01 بندقية صيد."," عدد "&D39&" بنادق صيد."))
M45: =IF(M37<>"",M37&CHAR(10),"")&IF(M38<>"",M38&CHAR(10),"")&IF(M39<>"",M39&CHAR(10),"")&IF(M40<>"",M40&CHAR(10),"")&IF(M41<>"",M41&CHAR(10),"")&IF(M42<>"",M42,"") -> - عدد 2 بنادق صيد. - عدد 22 خرطوشة.

Sheet مشروبات كحولية
A1: الأقاليم | B1: عدد القضايا | C1: عدد الاقافات | D1: علب جعة. | E1: قوارير جعة. | F1: قوارير خمر | G1: قوارير مشربات كحولية فاخرة. | H1: قوارير كحولية. | I1: لتر من المشروبات المسكرة. | K1: عدد الاشعار
A2: نابل
A3: مدنين
A4: قفصة
A5: قبلي
A6: قابس
A7: صفاقس
A8: سيدي بوزيد
A9: سوسة
A10: سليانة
A11: زغوان
A12: جندوبة
A13: تونس
... A16: بنزرت
A17: بن عروس | B17: 1 | C17: 1 | D17: 2 | F17: 1 | K17: 407
A18: باجة
A19: أريانة
A20: المهدية
A21: المنستير
A22: الكاف
A23: القيروان | B23: 1 | C23: 1 | D23: 56 | F23: 2 | K23: 236
A24: القصرين
A25: الفرق المركزية للأبحاث
A26: إقليم الحرس البحري بالوسط
A27: إقليم الحرس البحري بالشمال
A28: إقليم الحرس البحري بالساحل
A29: إقليم الحرس البحري بالجنوب
A30: إدارة حرس المرور
A31: إدارة الشؤون العدلية
A33: المجموع | B33: =SUM(B2:B31) -> 2 | C33: =SUM(C2:C31) -> 2 | D33: =SUM(D2:D31) -> 58 | E33: =SUM(E2:E31) -> 0 | F33: =SUM(F2:F31) -> 3 | G33: =SUM(G2:G31) -> 0 | H33: =SUM(H2:H31) -> 0 | I33: =SUM(I2:I31) -> 0 | K33: ***
M37: =IF(D33=0,"",IF(D33=1,"-عدد 01 علبة جعة .",IF(AND(D33>=2,D33<=10),"- عدد "&D33&" علب جعة ."," - عدد "&D33&" علبة جعة."))) -> - عدد 58 علبة جعة.
M38: =IF(E33=0,"",IF(E33=1,"-عدد 01 قارورة جعة .",IF(AND(E33>=2,E33<=10),"- عدد "&E33&" قواريير جعة ."," - عدد "&E33&" قارورة جعة.")))
M39: =IF(F33=0,"",IF(F33=1,"-عدد 01 قارورة خمر .",IF(AND(F33>=2,F33<=10),"- عدد "&F33&" قوارير خمر ."," - عدد "&F33&" قارورة خمر."))) -> - عدد 3 قوارير خمر .
M40: =IF(G33=0,"",IF(G33=1,"-عدد 01 قارورة مشروبات كحولية فاخرة .",IF(AND(G33>=2,G33<=10),"- عدد "&G33&" قوارير مشروبات كحولية فاخرة ."," - عدد "&G33&" قارورة مشروبات كحولية فاخرة.")))
M41: =IF(H33=0,"",IF(H33=1,"-عدد 01 قارورة كحول .",IF(AND(H33>=2,H33<=10),"- عدد "&H33&" قوارير كحول ."," - عدد "&H33&" قارورة كحول.")))
M42: =IF(I33=0,"",IF(I33=1,"- عدد 01 لتر من المشروبات المسكرة . ","-عدد "&I33&" لتر من المشروبات المسكرة ."))
M43: =IF(D39=0,"",IF(D39=1,"- عدد 01 علبة جعة ","-عدد "&D39&" علب جعة."))
M45: =IF(M37<>"",M37&CHAR(10),"")&IF(M38<>"",M38&CHAR(10),"")&IF(M39<>"",M39&CHAR(10),"")&IF(M40<>"",M40&CHAR(10),"")&IF(M41<>"",M41&CHAR(10),"")&IF(M42<>"",M42,"") -> - عدد 58 علبة جعة.- عدد 3 قوارير خمر .

Sheet مخدرات
D1: نوع القضية | H1: الموقوفين | L1: قنب هندي | Q1: أقراص مخدرة | S1: كوكايين | V1: هيروين | Y1: ماريخوانا | AB1: مختلفة | AC1: اورق لف | AE1: المحجوز
A2: الأقاليم | B2: مكان الضبط | C2: عدد القضايا | D2: استهلاك مخدرات | E2: مسك مخدرات بغاية الترويج | F2: تهريب المخدرات | G2: ترويج مواد سمية | H2: استهلاك مخدرات2 | I2: مسك مخدرات بغاية الترويج3 | J2: تهريب المخدرات4 | K2: ترويج مواد سمية2 | L2: سيجارة محشوة | M2: غرام قنب هندي | N2: قطعة | O2: صفيحة قنب هندي | P2: كبسولة | Q2: قرص | R2: صفيحة أقراص | S2: غرام كوكايين | T2: لفافة | U2: كمية | V2: غرام هيروين | W2: حقنة | X2: هيروين مختلفة | Y2: غرام ماريخوانا | Z2: حبة | AA2: نبتة | AB2: مختلفة | AC2: ورقة | AD2: علبة | AE2: سيارة | AF2: شاحنة | AG2: دراجة نارية | AH2: هاتف جوال | AI2: الة حادة | AJ2: غاز مشل للحركة | AK2: صحن | AL2: ميزان | AM2: بطاقة بنكية | AN2: بطاقة تعرف وطنية | AO2: علب جعة | AP2: بندقية صيد | AQ2: د.التونسي | AR2: الدولار | AS2: الأورو | AT2: محجوزات أخرى | AV2: عدد الاشعار
A3: نابل
A4: مدنين
A5: قفصة
A6: قبلي
A7: قابس
A8: صفاقس
A9: سيدي بوزيد
A10: سوسة
A11: سليانة
A12: زغوان
A13: جندوبة
A14: تونس | B14: حي الشباب | C14: 1 | E14: 1 | I14: 1 | AL14: 1 | AQ14: 84 | AV14: 288
A15: توزر
A16: تطاوين
A17: بنزرت
A18: بن عروس
A19: باجة
A20: المهدية
A21: المنستير | B21: منزل النور | C21: 1 | D21: 1 | H21: 2 | AK21: 1 | AV21: 181
A22: الكاف
A23: القيروان
A24: القصرين
A25: الفرق المركزية للأبحاث | B25: العوينة | C25: 1 | E25: 1 | I25: 1 | N25: 1 | Q25: 22 | AH25: 1 | AV25: 4
A26: إقليم الحرس البحري بالوسط
A27: إقليم الحرس البحري بالشمال
A28: إقليم الحرس البحري بالساحل
A29: إقليم الحرس البحري بالجنوب
A30: أريانة
A31: إدارة حرس المرور
A32: إدارة الشؤون العدلية
A34: المجموع | B34: =SUM(Tableau6[مكان الضبط]) -> 0 | C34: =SUM(Tableau6[عدد القضايا]) -> 3 | D34: =SUM(Tableau6[استهلاك مخدرات]) -> 1 | E34: =SUM(Tableau6[مسك مخدرات بغاية الترويج]) -> 2 | F34: =SUM(Tableau6[تهريب المخدرات]) -> 0 | G34: =SUM(Tableau6[ترويج مواد سمية]) -> 0 | H34: =SUM(Tableau6[استهلاك مخدرات2]) -> 2 | I34: =SUM(Tableau6[مسك مخدرات بغاية الترويج3]) -> 2 | J34: =SUM(Tableau6[تهريب المخدرات4]) -> 0 | K34: =SUM(Tableau6[ترويج مواد سمية2]) -> 0 | L34: =SUM(Tableau6[سيجارة محشوة]) -> 0 | M34: =SUM(Tableau6[غرام قنب هندي]) -> 0 | N34: =SUM(Tableau6[قطعة]) -> 1 | O34: =SUM(Tableau6[صفيحة قنب هندي]) -> 0 | P34: =SUM(Tableau6[كبسولة]) -> 0 | Q34: =SUM(Tableau6[قرص]) -> 22 | R34: =SUM(Tableau6[صفيحة أقراص]) -> 0 | S34: =SUM(Tableau6[غرام كوكايين]) -> 0 | T34: =SUM(Tableau6[لفافة]) -> 0 | U34: =U3&U4&U5&U6&U7&U8&U9&U10&U11&U12&U13&U14&U15&U16&U17&U18&U19&U20&U21&U22&U23&U24&U25&U26&U27&U28&U29&U30&U31&U32 | V34: =SUM(Tableau6[غرام هيروين]) -> 0 | W34: =SUM(Tableau6[حقنة]) -> 0 | X34: =X3&X4&X5&X6&X7&X8&X9&X10&X11&X12&X13&X14&X15&X16&X17&X18&X19&X20&X21&X22&X23&X24&X25&X26&X27&X28&X29&X30&X31&X32 | Y34: =SUM(Tableau6[غرام ماريخوانا]) -> 0 | Z34: =SUM(Tableau6[حبة]) -> 0 | AA34: =SUM(Tableau6[نبتة]) -> 0 | AB34: =AB3&AB4&AB5&AB6&AB7&AB8&AB9&AB10&AB11&AB12&AB13&AB14&AB15&AB16&AB17&AB18&AB19&AB20&AB21&AB22&AB23&AB24&AB25&AB26&AB27&AB28&AB29&AB30&AB31&AB32 | AC34: =SUM(Tableau6[ورقة]) -> 0 | AD34: =SUM(Tableau6[علبة]) -> 0 | AE34: =SUM(Tableau6[سيارة]) -> 0 | AF34: =SUM(Tableau6[شاحنة]) -> 0 | AG34: =SUM(Tableau6[دراجة نارية]) -> 0 | AH34: =SUM(Tableau6[هاتف جوال]) -> 1 | AI34: =SUM(Tableau6[الة حادة]) -> 0 | AJ34: =SUM(Tableau6[غاز مشل للحركة]) -> 0 | AK34: =SUM(Tableau6[صحن]) -> 1 | AL34: =SUM(Tableau6[ميزان]) -> 1 | AM34: =SUM(Tableau6[بطاقة بنكية]) -> 0 | AN34: =SUM(Tableau6[بطاقة تعرف وطنية]) -> 0 | AO34: =SUM(Tableau6[علب جعة]) -> 0 | AP34: =SUM(Tableau6[بندقية صيد]) -> 0 | AQ34: =SUM(Tableau6[د.التونسي]) -> 84 | AR34: =SUM(Tableau6[الدولار]) -> 0 | AS34: =SUM(Tableau6[الأورو]) -> 0
H40: قنب هندي | N40: أقراص مخدرة | S40: كوكايين | X40: هيروين | AC40: ماريخوانة | AG40: مختلفة
H41: =IF(L34=0,"",IF(L34=1,"-عدد 01 سيجارة محشوة بمخدر القنب الهندي .",IF(AND(L34>=2,L34<=10),"- عدد "&L34&" سجائر محشوة بمخدر القنب الهندي ."," - عدد "&L34&" سيجارة محشوة بمخدر القنب الهندي."))) | N41: =IF(Q34=0,"",IF(Q34=1,"-عدد 01 قرص مخدر .",IF(AND(Q34>=2,Q34<=10),"- عدد "&Q34&" أقراص مخدرة ."," - عدد "&Q34&" قرص مخدر."))) -> - عدد 22 قرص مخدر. | S41: =IF(S34=0,""," - حوالي "&S34&" غرام من مخدر الكوكايين.") | X41: =IF(V34=0,""," - حوالي "&V34&" غرام من مخدر الهيروين.") | AC41: =IF(Y34=0,""," - حوالي "&Y34&" غرام من مخدر الماريخوانا.") | AG41: =IF(OR(AB34=0,AB34=""),""," - "&AB34&".")
H42: =IF(N34=0,"",IF(N34=1,"-عدد 01 قطعة من مخدر القنب الهندي .",IF(AND(N34>=2,N34<=10),"- عدد "&N34&" قطع من مخدر القنب الهندي ."," - عدد "&N34&" قطعة من مخدر القنب الهندي."))) -> -عدد 01 قطعة من مخدر القنب الهندي . | N42: =IF(R34=0,"",IF(R34=1,"-عدد 01 صفيحة أقراص مخدر .",IF(AND(R34>=2,R34<=10),"- عدد "&R34&" صفائح أقراص مخدرة ."," - عدد "&R34&" صفيحة أقراص مخدر."))) | S42: =IF(T34=0,"",IF(T34=1,"-عدد 01 لفافة من مخدر الكوكايين .",IF(AND(T34>=2,T34<=10),"- عدد "&T34&" لفافات من مخدر الكوكايين ."," - عدد "&T34&" لفافة من مخدر الكوكايين."))) | X42: =IF(W34=0,"",IF(W34=1,"-عدد 01 حقنة من مخدر الهيروين .",IF(AND(W34>=2,W34<=10),"- عدد "&W34&" حقنات من مخدر الهيروين ."," - عدد "&W34&" حقنة من مخدر الهيروين."))) | AC42: =IF(Z34=0,"",IF(Z34=1,"-عدد 01 حبة من مخدر الماريخوانا .",IF(AND(Z34>=2,Z34<=10),"- عدد "&Z34&" حبات من مخدر الماريخوانا ."," - عدد "&Z34&" حبة من مخدر الماريخوانا.")))
H43: =IF(O34=0,"",IF(O34=1,"-عدد 01 صفيحة من مخدر القنب الهندي .",IF(AND(O34>=2,O34<=10),"- عدد "&O34&" صفائح من مخدر القنب الهندي ."," - عدد "&O34&" صفيحة من مخدر القنب الهندي."))) | S43: =IF(OR(U34=0,U34=""),""," - "&U34&" من مخدر الكوكايين.") | X43: =IF(OR(X34=0,X34=""),""," - "&X34&" من مخدر الهيروين.") | AC43: =IF(AA34=0,"",IF(AA34=1,"-عدد 01 نبتة مخدر الماريخوانا .",IF(AND(AA34>=2,AA34<=10),"- عدد "&AA34&" نبتات مخدر الماريخوانا ."," - عدد "&AA34&" نبتة مخدر الماريخوانا.")))
H44: =IF(P34=0,"",IF(P34=1,"-عدد 01 كبسولة من مخدر القنب الهندي .",IF(AND(P34>=2,P34<=10),"- عدد "&P34&" كبسولات من مخدر القنب الهندي ."," - عدد "&P34&" كبسولة من مخدر القنب الهندي.")))
H45: =IF(M34=0,""," - حوالي "&M34&" غرام من مخدر القنب الهندي.")
I48: =IF(H41<>"",H41&CHAR(10),"")&IF(H42<>"",H42&CHAR(10),"")&IF(H45<>"",H45&CHAR(10),"")&IF(H43<>"",H43&CHAR(10),"")&IF(H44<>"",H44&CHAR(10),"")&IF(N41<>"",N41&CHAR(10),"")&IF(N42<>"",N42&CHAR(10),"")&IF(S41<>"",S41&CHAR(10),"")&IF(S42<>"",S42&CHAR(10),"")&IF(S43<>"",S43&CHAR(10),"")&IF(X41<>"",X41&CHAR(10),"")&IF(X42<>"",X42&CHAR(10),"")&IF(X43<>"",X43&CHAR(10),"")&IF(AC41<>"",AC41&CHAR(10),"")&IF(AC42<>"",AC42&CHAR(10),"")&IF(AG41<>"",AG41&CHAR(10),"")&IF(AC43<>"",AC43&CHAR(10),"") -> -عدد 01 قطعة من مخدر القنب الهندي . - عدد 22 قرص مخدر.

Sheet مخدرات (2)
A1: وزارة الداخليـــــــة
A2: الإدارة العامة للحرس الوطني | D2: كشف يومي في قضايـا المخدرات والموقوفين ليوم 2026/01/11
A3: إدارة عمليات الحرس الوطني
A4: عــــد / 3933 /د
A5: الأقاليم | B5: مكان الضبط | C5: عدد القضايا | D5: نوع القضية | H5: الموقوفين | Q5: الأطراف الأمنية المورطة | R5: الضبطيات
L6: قنب هندي | R6: قنب هندي | S6: أقراص مخدرة | U6: أقراص مخدرة | V6: كوكايين (غرام) | Y6: كوكايين | Z6: هيروين | AC6: هيروين | AD6: ماريخوانا | AG6: ماريخوانا | AH6: مختلفة | AI6: اورق لف | AL6: المحجوز | BB6: المحجوز (المبالغ المالية ,الوسائل..)
D7: استهلاك مخدرات | E7: مسك مخدرات بغاية الترويج | F7: تهريب المخدرات | G7: ترويج مواد سمية | H7: استهلاك مخدرات | I7: مسك مخدرات بغاية الترويج | J7: تهريب المخدرات | K7: ترويج مواد سمية | L7: سيجارة محشوة | M7: غرام | N7: قطع | O7: صفيحة | P7: كبسولة | S7: قرص | T7: صفيحة | V7: غرام | W7: لفافة | X7: كمية | Z7: غرام | AA7: حقنة | AB7: أخرى | AD7: غرام | AE7: حبات | AF7: نبتة | AH7: مختلفة | AI7: أوراق لف | AJ7: علبة أوراق لف | AL7: سيارة | AM7: شاحنة | AN7: دراجة نارية | AO7: هاتف جوال | AP7: الة حادة | AQ7: غاز مشل للحركة | AR7: صحن | AS7: ميزان | AT7: بطاقة بنكية | AU7: بطاقة تعرف وطنية | AV7: علب جعة | AW7: بندقية صيد | AX7: د.التونسي | AY7: الدولار | AZ7: الأورو | BA7: مختلفة2
B8: =IF(ISBLANK($A8),"",IF(ISBLANK(VLOOKUP($A8,Tableau6[],2,FALSE)),"",VLOOKUP($A8,Tableau6[],2,FALSE))) | C8: =IF(ISBLANK($A8),"",IF(ISBLANK(VLOOKUP($A8,Tableau6[],3,FALSE)),"",VLOOKUP($A8,Tableau6[],3,FALSE))) | D8: =IF(ISBLANK($A8),"",IF(ISBLANK(VLOOKUP($A8,Tableau6[],4,FALSE)),"",VLOOKUP($A8,Tableau6[],4,FALSE))) | E8: =IF(ISBLANK($A8),"",IF(ISBLANK(VLOOKUP($A8,Tableau6[],5,FALSE)),"",VLOOKUP($A8,Tableau6[],5,FALSE))) | F8: =IF(ISBLANK($A8),"",IF(ISBLANK(VLOOKUP($A8,Tableau6[],6,FALSE)),"",VLOOKUP($A8,Tableau6[],6,FALSE))) | G8: =IF(ISBLANK($A8),"",IF(ISBLANK(VLOOKUP($A8,Tableau6[],7,FALSE)),"",VLOOKUP($A8,Tableau6[],7,FALSE))) | H8: =IF(ISBLANK($A8),"",IF(ISBLANK(VLOOKUP($A8,Tableau6[],8,FALSE)),"",VLOOKUP($A8,Tableau6[],8,FALSE))) | I8: =IF(ISBLANK($A8),"",IF(ISBLANK(VLOOKUP($A8,Tableau6[],9,FALSE)),"",VLOOKUP($A8,Tableau6[],9,FALSE))) | J8: =IF(ISBLANK($A8),"",IF(ISBLANK(VLOOKUP($A8,Tableau6[],10,FALSE)),"",VLOOKUP($A8,Tableau6[],10,FALSE))) | K8: =IF(ISBLANK($A8),"",IF(ISBLANK(VLOOKUP($A8,Tableau6[],11,FALSE)),"",VLOOKUP($A8,Tableau6[],11,FALSE))) | L8: =IF(ISBLANK($A8),"",IF(ISBLANK(VLOOKUP($A8,Tableau6[],12,FALSE)),"",VLOOKUP($A8,Tableau6[],12,FALSE))) | M8: =IF(ISBLANK($A8),"",IF(ISBLANK(VLOOKUP($A8,Tableau6[],13,FALSE)),"",VLOOKUP($A8,Tableau6[],13,FALSE))) | N8: =IF(ISBLANK($A8),"",IF(ISBLANK(VLOOKUP($A8,Tableau6[],14,FALSE)),"",VLOOKUP($A8,Tableau6[],14,FALSE))) | O8: =IF(ISBLANK($A8),"",IF(ISBLANK(VLOOKUP($A8,Tableau6[],15,FALSE)),"",VLOOKUP($A8,Tableau6[],15,FALSE))) | P8: =IF(ISBLANK($A8),"",IF(ISBLANK(VLOOKUP($A8,Tableau6[],16,FALSE)),"",VLOOKUP($A8,Tableau6[],16,FALSE))) | R8: =IF(AND(OR(L8="",L8=0),OR(M8="",M8=0),OR(N8="",N8=0),OR(O8="",O8=0)*OR(P8="",P8=0)),"",TRIM(LEFT(IF(AND(L8<>"",L8>0),L8&" "&$L$7&" / ","")&IF(AND(M8<>"",M8>0),M8&" "&$M$7&" / ","")&IF(AND(N8<>"",N8>0),N8&" "&$N$7&" / ","")&IF(AND(O8<>"",O8>0),O8&" "&$O$7&" / ","")&IF(AND(P8<>"",P8>0),P8&" "&$P$7&" / ",""),LEN(IF(AND(L8<>"",L8>0),L8&" "&$L$7&" / ","")&IF(AND(M8<>"",M8>0),M8&" "&$M$7&" / ","")&IF(AND(N8<>"",N8>0),N8&" "&$N$7&" / ","")&IF(AND(O8<>"",O8>0),O8&" "&$O$7&" / ","")&IF(AND(P8<>"",P8>0),P8&" "&$P$7&" / ",""))-2))) | S8: =IF(ISBLANK($A8),"",IF(ISBLANK(VLOOKUP($A8,Tableau6[],17,FALSE)),"",VLOOKUP($A8,Tableau6[],17,FALSE))) | T8: =IF(ISBLANK($A8),"",IF(ISBLANK(VLOOKUP($A8,Tableau6[],18,FALSE)),"",VLOOKUP($A8,Tableau6[],18,FALSE))) | U8: =IF(AND(OR(S8="",S8=0),OR(T8="",T8=0)),"",TRIM(LEFT(IF(AND(S8<>"",S8>0),S8&" "&$S$7&" / ","")&IF(AND(T8<>"",T8>0),T8&" "&$T$7&" / ",""),LEN(IF(AND(S8<>"",S8>0),S8&" "&$S$7&" / ","")&IF(AND(T8<>"",T8>0),T8&" "&$T$7&" / ",""))-2))) | V8: =IF(ISBLANK($A8),"",IF(ISBLANK(VLOOKUP($A8,Tableau6[],19,FALSE)),"",VLOOKUP($A8,Tableau6[],19,FALSE))) | W8: =IF(ISBLANK($A8),"",IF(ISBLANK(VLOOKUP($A8,Tableau6[],20,FALSE)),"",VLOOKUP($A8,Tableau6[],20,FALSE))) | X8: =IF(ISBLANK($A8),"",IF(ISBLANK(VLOOKUP($A8,Tableau6[],21,FALSE)),"",VLOOKUP($A8,Tableau6[],21,FALSE))) | Y8: =IF(AND(OR(V8="",V8=0),OR(W8="",W8=0),OR(X8="",X8=0)),"",TRIM(LEFT(IF(AND(V8<>"",V8>0),V8&" "&$V$7&" / ","")&IF(AND(W8<>"",W8>0),W8&" "&$W$7&" / ","")&IF(AND(X8<>"",X8>0),X8&" "&" / ",""),LEN(IF(AND(V8<>"",V8>0),V8&" "&$V$7&" / ","")&IF(AND(W8<>"",W8>0),W8&" "&$W$7&" / ","")&IF(AND(X8<>"",X8>0),X8&" "&" / ",""))-2))) | Z8: =IF(ISBLANK($A8),"",IF(ISBLANK(VLOOKUP($A8,Tableau6[],22,FALSE)),"",VLOOKUP($A8,Tableau6[],22,FALSE))) | AA8: =IF(ISBLANK($A8),"",IF(ISBLANK(VLOOKUP($A8,Tableau6[],23,FALSE)),"",VLOOKUP($A8,Tableau6[],23,FALSE))) | AB8: =IF(ISBLANK($A8),"",IF(ISBLANK(VLOOKUP($A8,Tableau6[],24,FALSE)),"",VLOOKUP($A8,Tableau6[],24,FALSE))) | AC8: =IF(AND(OR(Z8="",Z8=0),OR(AA8="",AA8=0),OR(AB8="",AB8=0)),"",TRIM(LEFT(IF(AND(Z8<>"",Z8>0),Z8&" "&$Z$7&" / ","")&IF(AND(AA8<>"",AA8>0),AA8&" "&$AA$7&" / ","")&IF(AND(AB8<>"",AB8>0),AB8&" "&" / ",""),LEN(IF(AND(Z8<>"",Z8>0),Z8&" "&$Z$7&" / ","")&IF(AND(AA8<>"",AA8>0),AA8&" "&$AA$7&" / ","")&IF(AND(AB8<>"",AB8>0),AB8&" "&" / ",""))-2))) | AD8: =IF(ISBLANK($A8),"",IF(ISBLANK(VLOOKUP($A8,Tableau6[],25,FALSE)),"",VLOOKUP($A8,Tableau6[],25,FALSE))) | AE8: =IF(ISBLANK($A8),"",IF(ISBLANK(VLOOKUP($A8,Tableau6[],26,FALSE)),"",VLOOKUP($A8,Tableau6[],26,FALSE))) | AF8: =IF(ISBLANK($A8),"",IF(ISBLANK(VLOOKUP($A8,Tableau6[],27,FALSE)),"",VLOOKUP($A8,Tableau6[],27,FALSE))) | AG8: =IF(AND(OR(AD8="",AD8=0),OR(AE8="",AE8=0),OR(AF8="",AF8=0)),"",TRIM(LEFT(IF(AND(AD8<>"",AD8>0),AD8&" "&$AD$7&" / ","")&IF(AND(AE8<>"",AE8>0),AE8&" "&$AE$7&" / ","")&IF(AND(AF8<>"",AF8>0),AF8&" "&$AF$7&" / ",""),LEN(IF(AND(AD8<>"",AD8>0),AD8&" "&$AD$7&" / ","")&IF(AND(AE8<>"",AE8>0),AE8&" "&$AE$7&" / ","")&IF(AND(AF8<>"",AF8>0),AF8&" "&$AF$7&" / ",""))-2))) | AH8: =IF(ISBLANK($A8),"",IF(ISBLANK(VLOOKUP($A8,Tableau6[],28,FALSE)),"",VLOOKUP($A8,Tableau6[],28,FALSE))) | AI8: =IF(ISBLANK($A8),"",IF(ISBLANK(VLOOKUP($A8,Tableau6[],29,FALSE)),"",VLOOKUP($A8,Tableau6[],29,FALSE))) | AJ8: =IF(ISBLANK($A8),"",IF(ISBLANK(VLOOKUP($A8,Tableau6[],30,FALSE)),"",VLOOKUP($A8,Tableau6[],30,FALSE))) | AK8: =IF(AND(OR(AI8="",AI8=0),OR(AJ8="",AJ8=0)),"",TRIM(LEFT(IF(AND(AI8<>"",AI8>0),AI8&" "&$AI$7&" / ","")&IF(AND(AJ8<>"",AJ8>0),AJ8&" "&$AJ$7&" / ",""),LEN(IF(AND(AI8<>"",AI8>0),AI8&" "&$AI$7&" / ","")&IF(AND(AJ8<>"",AJ8>0),AJ8&" "&$AJ$7&" / ",""))-2))) | AL8: =IF(ISBLANK($A8),"",IF(ISBLANK(VLOOKUP($A8,Tableau6[],31,FALSE)),"",VLOOKUP($A8,Tableau6[],31,FALSE))) | AM8: =IF(ISBLANK($A8),"",IF(ISBLANK(VLOOKUP($A8,Tableau6[],32,FALSE)),"",VLOOKUP($A8,Tableau6[],32,FALSE))) | AN8: =IF(ISBLANK($A8),"",IF(ISBLANK(VLOOKUP($A8,Tableau6[],33,FALSE)),"",VLOOKUP($A8,Tableau6[],33,FALSE))) | AO8: =IF(ISBLANK($A8),"",IF(ISBLANK(VLOOKUP($A8,Tableau6[],34,FALSE)),"",VLOOKUP($A8,Tableau6[],34,FALSE))) | AP8: =IF(ISBLANK($A8),"",IF(ISBLANK(VLOOKUP($A8,Tableau6[],35,FALSE)),"",VLOOKUP($A8,Tableau6[],35,FALSE))) | AQ8: =IF(ISBLANK($A8),"",IF(ISBLANK(VLOOKUP($A8,Tableau6[],36,FALSE)),"",VLOOKUP($A8,Tableau6[],36,FALSE))) | AR8: =IF(ISBLANK($A8),"",IF(ISBLANK(VLOOKUP($A8,Tableau6[],37,FALSE)),"",VLOOKUP($A8,Tableau6[],37,FALSE))) | AS8: =IF(ISBLANK($A8),"",IF(ISBLANK(VLOOKUP($A8,Tableau6[],38,FALSE)),"",VLOOKUP($A8,Tableau6[],38,FALSE))) | AT8: =IF(ISBLANK($A8),"",IF(ISBLANK(VLOOKUP($A8,Tableau6[],39,FALSE)),"",VLOOKUP($A8,Tableau6[],39,FALSE))) | AU8: =IF(ISBLANK($A8),"",IF(ISBLANK(VLOOKUP($A8,Tableau6[],40,FALSE)),"",VLOOKUP($A8,Tableau6[],40,FALSE))) | AV8: =IF(ISBLANK($A8),"",IF(ISBLANK(VLOOKUP($A8,Tableau6[],41,FALSE)),"",VLOOKUP($A8,Tableau6[],41,FALSE))) | AW8: =IF(ISBLANK($A8),"",IF(ISBLANK(VLOOKUP($A8,Tableau6[],42,FALSE)),"",VLOOKUP($A8,Tableau6[],42,FALSE))) | AX8: =IF(ISBLANK($A8),"",IF(ISBLANK(VLOOKUP($A8,Tableau6[],43,FALSE)),"",VLOOKUP($A8,Tableau6[],43,FALSE))) | AY8: =IF(ISBLANK($A8),"",IF(ISBLANK(VLOOKUP($A8,Tableau6[],44,FALSE)),"",VLOOKUP($A8,Tableau6[],44,FALSE))) | AZ8: =IF(ISBLANK($A8),"",IF(ISBLANK(VLOOKUP($A8,Tableau6[],45,FALSE)),"",VLOOKUP($A8,Tableau6[],45,FALSE))) | BA8: =IF(ISBLANK($A8),"",IF(ISBLANK(VLOOKUP($A8,Tableau6[],46,FALSE)),"",VLOOKUP($A8,Tableau6[],46,FALSE))) | BB8: =IF(AND(OR(AK8="",AK8=0),OR(AL8="",AL8=0),OR(AM8="",AM8=0),OR(AN8="",AN8=0),OR(AO8="",AO8=0),OR(AP8="",AP8=0),OR(AQ8="",AQ8=0),OR(AR8="",AR8=0),OR(AS8="",AS8=0),OR(AT8="",AT8=0),OR(AU8="",AU8=0),OR(AV8="",AV8=0),OR(AW8="",AW8=0),OR(AX8="",AX8=0),OR(AY8="",AY8=0),OR(AZ8="",AZ8=0),OR(BA8="",BA8=0)),"",TRIM(LEFT(IF(AND(AK8<>"",AK8>0),AK8&" "&$AK$7&" / ","")&IF(AND(AL8<>"",AL8>0),AL8&" "&$AL$7&" / ","")&IF(AND(AM8<>"",AM8>0),AM8&" "&$AM$7&" / ","")&IF(AND(AN8<>"",AN8>0),AN8&" "&$AN$7&" / ","")&IF(AND(AO8<>"",AO8>0),AO8&" "&$AO$7&" / ","")&IF(AND(AP8<>"",AP8>0),AP8&" "&$AP$7&" / ","")&IF(AND(AQ8<>"",AQ8>0),AQ8&" "&$AQ$7&" / ","")&IF(AND(AR8<>"",AR8>0),AR8&" "&$AR$7&" / ","")&IF(AND(AS8<>"",AS8>0),AS8&" "&$AS$7&" / ","")&IF(AND(AT8<>"",AT8>0),AT8&" "&$AT$7&" / ","")&IF(AND(AU8<>"",AU8>0),AU8&" "&$AU$7&" / ","")&IF(AND(AV8<>"",AV8>0),AV8&" "&$AV$7&" / ","")&IF(AND(AW8<>"",AW8>0),AW8&" "&$AW$7&" / ","")&IF(AND(AX8<>"",AX8>0),AX8&" "&$AX$7&" / ","")&IF(AND(AY8<>"",AY8>0),AY8&" "&$AY$7&" / ","")&IF(AND(AZ8<>"",AZ8>0),AZ8&" "&$AZ$7&" / ","")&IF(AND(BA8<>"",BA8>0),BA8&" "&" / ",""),LEN(IF(AND(AK8<>"",AK8>0),AK8&" "&$AK$7&" / ","")&IF(AND(AL8<>"",AL8>0),AL8&" "&$AL$7&" / ","")&IF(AND(AM8<>"",AM8>0),AM8&" "&$AM$7&" / ","")&IF(AND(AN8<>"",AN8>0),AN8&" "&$AN$7&" / ","")&IF(AND(AO8<>"",AO8>0),AO8&" "&$AO$7&" / ","")&IF(AND(AP8<>"",AP8>0),AP8&" "&$AP$7&" / ","")&IF(AND(AQ8<>"",AQ8>0),AQ8&" "&$AQ$7&" / ","")&IF(AND(AR8<>"",AR8>0),AR8&" "&$AR$7&" / ","")&IF(AND(AS8<>"",AS8>0),AS8&" "&$AS$7&" / ","")&IF(AND(AT8<>"",AT8>0),AT8&" "&$AT$7&" / ","")&IF(AND(AU8<>"",AU8>0),AU8&" "&$AU$7&" / ","")&IF(AND(AV8<>"",AV8>0),AV8&" "&$AV$7&" / ","")&IF(AND(AW8<>"",AW8>0),AW8&" "&$AW$7&" / ","")&IF(AND(AX8<>"",AX8>0),AX8&" "&$AX$7&" / ","")&IF(AND(AY8<>"",AY8>0),AY8&" "&$AY$7&" / ","")&IF(AND(AZ8<>"",AZ8>0),AZ8&" "&$AZ$7&" / ","")&IF(AND(BA8<>"",BA8>0),BA8&" "" / ",""))-2)))
A9: تونس | B9: =IF(ISBLANK($A9),"",IF(ISBLANK(VLOOKUP($A9,Tableau6[],2,FALSE)),"",VLOOKUP($A9,Tableau6[],2,FALSE))) -> حي الشباب | C9: =IF(ISBLANK($A9),"",IF(ISBLANK(VLOOKUP($A9,Tableau6[],3,FALSE)),"",VLOOKUP($A9,Tableau6[],3,FALSE))) -> 1 | D9: =IF(ISBLANK($A9),"",IF(ISBLANK(VLOOKUP($A9,Tableau6[],4,FALSE)),"",VLOOKUP($A9,Tableau6[],4,FALSE))) | E9: =IF(ISBLANK($A9),"",IF(ISBLANK(VLOOKUP($A9,Tableau6[],5,FALSE)),"",VLOOKUP($A9,Tableau6[],5,FALSE))) -> 1 | F9: =IF(ISBLANK($A9),"",IF(ISBLANK(VLOOKUP($A9,Tableau6[],6,FALSE)),"",VLOOKUP($A9,Tableau6[],6,FALSE))) | G9: =IF(ISBLANK($A9),"",IF(ISBLANK(VLOOKUP($A9,Tableau6[],7,FALSE)),"",VLOOKUP($A9,Tableau6[],7,FALSE))) | H9: =IF(ISBLANK($A9),"",IF(ISBLANK(VLOOKUP($A9,Tableau6[],8,FALSE)),"",VLOOKUP($A9,Tableau6[],8,FALSE))) | I9: =IF(ISBLANK($A9),"",IF(ISBLANK(VLOOKUP($A9,Tableau6[],9,FALSE)),"",VLOOKUP($A9,Tableau6[],9,FALSE))) -> 1 | J9: =IF(ISBLANK($A9),"",IF(ISBLANK(VLOOKUP($A9,Tableau6[],10,FALSE)),"",VLOOKUP($A9,Tableau6[],10,FALSE))) | K9: =IF(ISBLANK($A9),"",IF(ISBLANK(VLOOKUP($A9,Tableau6[],11,FALSE)),"",VLOOKUP($A9,Tableau6[],11,FALSE))) | L9: =IF(ISBLANK($A9),"",IF(ISBLANK(VLOOKUP($A9,Tableau6[],12,FALSE)),"",VLOOKUP($A9,Tableau6[],12,FALSE))) | M9: =IF(ISBLANK($A9),"",IF(ISBLANK(VLOOKUP($A9,Tableau6[],13,FALSE)),"",VLOOKUP($A9,Tableau6[],13,FALSE))) | N9: =IF(ISBLANK($A9),"",IF(ISBLANK(VLOOKUP($A9,Tableau6[],14,FALSE)),"",VLOOKUP($A9,Tableau6[],14,FALSE))) | O9: =IF(ISBLANK($A9),"",IF(ISBLANK(VLOOKUP($A9,Tableau6[],15,FALSE)),"",VLOOKUP($A9,Tableau6[],15,FALSE))) | P9: =IF(ISBLANK($A9),"",IF(ISBLANK(VLOOKUP($A9,Tableau6[],16,FALSE)),"",VLOOKUP($A9,Tableau6[],16,FALSE))) | R9: =IF(AND(OR(L9="",L9=0),OR(M9="",M9=0),OR(N9="",N9=0),OR(O9="",O9=0)*OR(P9="",P9=0)),"",TRIM(LEFT(IF(AND(L9<>"",L9>0),L9&" "&$L$7&" / ","")&IF(AND(M9<>"",M9>0),M9&" "&$M$7&" / ","")&IF(AND(N9<>"",N9>0),N9&" "&$N$7&" / ","")&IF(AND(O9<>"",O9>0),O9&" "&$O$7&" / ","")&IF(AND(P9<>"",P9>0),P9&" "&$P$7&" / ",""),LEN(IF(AND(L9<>"",L9>0),L9&" "&$L$7&" / ","")&IF(AND(M9<>"",M9>0),M9&" "&$M$7&" / ","")&IF(AND(N9<>"",N9>0),N9&" "&$N$7&" / ","")&IF(AND(O9<>"",O9>0),O9&" "&$O$7&" / ","")&IF(AND(P9<>"",P9>0),P9&" "&$P$7&" / ",""))-2))) | S9: =IF(ISBLANK($A9),"",IF(ISBLANK(VLOOKUP($A9,Tableau6[],17,FALSE)),"",VLOOKUP($A9,Tableau6[],17,FALSE))) | T9: =IF(ISBLANK($A9),"",IF(ISBLANK(VLOOKUP($A9,Tableau6[],18,FALSE)),"",VLOOKUP($A9,Tableau6[],18,FALSE))) | U9: =IF(AND(OR(S9="",S9=0),OR(T9="",T9=0)),"",TRIM(LEFT(IF(AND(S9<>"",S9>0),S9&" "&$S$7&" / ","")&IF(AND(T9<>"",T9>0),T9&" "&$T$7&" / ",""),LEN(IF(AND(S9<>"",S9>0),S9&" "&$S$7&" / ","")&IF(AND(T9<>"",T9>0),T9&" "&$T$7&" / ",""))-2))) | V9: =IF(ISBLANK($A9),"",IF(ISBLANK(VLOOKUP($A9,Tableau6[],19,FALSE)),"",VLOOKUP($A9,Tableau6[],19,FALSE))) | W9: =IF(ISBLANK($A9),"",IF(ISBLANK(VLOOKUP($A9,Tableau6[],20,FALSE)),"",VLOOKUP($A9,Tableau6[],20,FALSE))) | X9: =IF(ISBLANK($A9),"",IF(ISBLANK(VLOOKUP($A9,Tableau6[],21,FALSE)),"",VLOOKUP($A9,Tableau6[],21,FALSE))) | Y9: =IF(AND(OR(V9="",V9=0),OR(W9="",W9=0),OR(X9="",X9=0)),"",TRIM(LEFT(IF(AND(V9<>"",V9>0),V9&" "&$V$7&" / ","")&IF(AND(W9<>"",W9>0),W9&" "&$W$7&" / ","")&IF(AND(X9<>"",X9>0),X9&" "&" / ",""),LEN(IF(AND(V9<>"",V9>0),V9&" "&$V$7&" / ","")&IF(AND(W9<>"",W9>0),W9&" "&$W$7&" / ","")&IF(AND(X9<>"",X9>0),X9&" "&" / ",""))-2))) | Z9: =IF(ISBLANK($A9),"",IF(ISBLANK(VLOOKUP($A9,Tableau6[],22,FALSE)),"",VLOOKUP($A9,Tableau6[],22,FALSE))) | AA9: =IF(ISBLANK($A9),"",IF(ISBLANK(VLOOKUP($A9,Tableau6[],23,FALSE)),"",VLOOKUP($A9,Tableau6[],23,FALSE))) | AB9: =IF(ISBLANK($A9),"",IF(ISBLANK(VLOOKUP($A9,Tableau6[],24,FALSE)),"",VLOOKUP($A9,Tableau6[],24,FALSE))) | AC9: =IF(AND(OR(Z9="",Z9=0),OR(AA9="",AA9=0),OR(AB9="",AB9=0)),"",TRIM(LEFT(IF(AND(Z9<>"",Z9>0),Z9&" "&$Z$7&" / ","")&IF(AND(AA9<>"",AA9>0),AA9&" "&$AA$7&" / ","")&IF(AND(AB9<>"",AB9>0),AB9&" "&" / ",""),LEN(IF(AND(Z9<>"",Z9>0),Z9&" "&$Z$7&" / ","")&IF(AND(AA9<>"",AA9>0),AA9&" "&$AA$7&" / ","")&IF(AND(AB9<>"",AB9>0),AB9&" "&" / ",""))-2))) | AD9: =IF(ISBLANK($A9),"",IF(ISBLANK(VLOOKUP($A9,Tableau6[],25,FALSE)),"",VLOOKUP($A9,Tableau6[],25,FALSE))) | AE9: =IF(ISBLANK($A9),"",IF(ISBLANK(VLOOKUP($A9,Tableau6[],26,FALSE)),"",VLOOKUP($A9,Tableau6[],26,FALSE))) | AF9: =IF(ISBLANK($A9),"",IF(ISBLANK(VLOOKUP($A9,Tableau6[],27,FALSE)),"",VLOOKUP($A9,Tableau6[],27,FALSE))) | AG9: =IF(AND(OR(AD9="",AD9=0),OR(AE9="",AE9=0),OR(AF9="",AF9=0)),"",TRIM(LEFT(IF(AND(AD9<>"",AD9>0),AD9&" "&$AD$7&" / ","")&IF(AND(AE9<>"",AE9>0),AE9&" "&$AE$7&" / ","")&IF(AND(AF9<>"",AF9>0),AF9&" "&$AF$7&" / ",""),LEN(IF(AND(AD9<>"",AD9>0),AD9&" "&$AD$7&" / ","")&IF(AND(AE9<>"",AE9>0),AE9&" "&$AE$7&" / ","")&IF(AND(AF9<>"",AF9>0),AF9&" "&$AF$7&" / ",""))-2))) | AH9: =IF(ISBLANK($A9),"",IF(ISBLANK(VLOOKUP($A9,Tableau6[],28,FALSE)),"",VLOOKUP($A9,Tableau6[],28,FALSE))) | AI9: =IF(ISBLANK($A9),"",IF(ISBLANK(VLOOKUP($A9,Tableau6[],29,FALSE)),"",VLOOKUP($A9,Tableau6[],29,FALSE))) | AJ9: =IF(ISBLANK($A9),"",IF(ISBLANK(VLOOKUP($A9,Tableau6[],30,FALSE)),"",VLOOKUP($A9,Tableau6[],30,FALSE))) | AK9: =IF(AND(OR(AI9="",AI9=0),OR(AJ9="",AJ9=0)),"",TRIM(LEFT(IF(AND(AI9<>"",AI9>0),AI9&" "&$AI$7&" / ","")&IF(AND(AJ9<>"",AJ9>0),AJ9&" "&$AJ$7&" / ",""),LEN(IF(AND(AI9<>"",AI9>0),AI9&" "&$AI$7&" / ","")&IF(AND(AJ9<>"",AJ9>0),AJ9&" "&$AJ$7&" / ",""))-2))) | AL9: =IF(ISBLANK($A9),"",IF(ISBLANK(VLOOKUP($A9,Tableau6[],31,FALSE)),"",VLOOKUP($A9,Tableau6[],31,FALSE))) | AM9: =IF(ISBLANK($A9),"",IF(ISBLANK(VLOOKUP($A9,Tableau6[],32,FALSE)),"",VLOOKUP($A9,Tableau6[],32,FALSE))) | AN9: =IF(ISBLANK($A9),"",IF(ISBLANK(VLOOKUP($A9,Tableau6[],33,FALSE)),"",VLOOKUP($A9,Tableau6[],33,FALSE))) | AO9: =IF(ISBLANK($A9),"",IF(ISBLANK(VLOOKUP($A9,Tableau6[],34,FALSE)),"",VLOOKUP($A9,Tableau6[],34,FALSE))) | AP9: =IF(ISBLANK($A9),"",IF(ISBLANK(VLOOKUP($A9,Tableau6[],35,FALSE)),"",VLOOKUP($A9,Tableau6[],35,FALSE))) | AQ9: =IF(ISBLANK($A9),"",IF(ISBLANK(VLOOKUP($A9,Tableau6[],36,FALSE)),"",VLOOKUP($A9,Tableau6[],36,FALSE))) | AR9: =IF(ISBLANK($A9),"",IF(ISBLANK(VLOOKUP($A9,Tableau6[],37,FALSE)),"",VLOOKUP($A9,Tableau6[],37,FALSE))) | AS9: =IF(ISBLANK($A9),"",IF(ISBLANK(VLOOKUP($A9,Tableau6[],38,FALSE)),"",VLOOKUP($A9,Tableau6[],38,FALSE))) -> 1 | AT9: =IF(ISBLANK($A9),"",IF(ISBLANK(VLOOKUP($A9,Tableau6[],39,FALSE)),"",VLOOKUP($A9,Tableau6[],39,FALSE))) | AU9: =IF(ISBLANK($A9),"",IF(ISBLANK(VLOOKUP($A9,Tableau6[],40,FALSE)),"",VLOOKUP($A9,Tableau6[],40,FALSE))) | AV9: =IF(ISBLANK($A9),"",IF(ISBLANK(VLOOKUP($A9,Tableau6[],41,FALSE)),"",VLOOKUP($A9,Tableau6[],41,FALSE))) | AW9: =IF(ISBLANK($A9),"",IF(ISBLANK(VLOOKUP($A9,Tableau6[],42,FALSE)),"",VLOOKUP($A9,Tableau6[],42,FALSE))) | AX9: =IF(ISBLANK($A9),"",IF(ISBLANK(VLOOKUP($A9,Tableau6[],43,FALSE)),"",VLOOKUP($A9,Tableau6[],43,FALSE))) -> 84 | AY9: =IF(ISBLANK($A9),"",IF(ISBLANK(VLOOKUP($A9,Tableau6[],44,FALSE)),"",VLOOKUP($A9,Tableau6[],44,FALSE))) | AZ9: =IF(ISBLANK($A9),"",IF(ISBLANK(VLOOKUP($A9,Tableau6[],45,FALSE)),"",VLOOKUP($A9,Tableau6[],45,FALSE))) | BA9: =IF(ISBLANK($A9),"",IF(ISBLANK(VLOOKUP($A9,Tableau6[],46,FALSE)),"",VLOOKUP($A9,Tableau6[],46,FALSE))) | BB9: =IF(AND(OR(AK9="",AK9=0),OR(AL9="",AL9=0),OR(AM9="",AM9=0),OR(AN9="",AN9=0),OR(AO9="",AO9=0),OR(AP9="",AP9=0),OR(AQ9="",AQ9=0),OR(AR9="",AR9=0),OR(AS9="",AS9=0),OR(AT9="",AT9=0),OR(AU9="",AU9=0),OR(AV9="",AV9=0),OR(AW9="",AW9=0),OR(AX9="",AX9=0),OR(AY9="",AY9=0),OR(AZ9="",AZ9=0),OR(BA9="",BA9=0)),"",TRIM(LEFT(IF(AND(AK9<>"",AK9>0),AK9&" "&$AK$7&" / ","")&IF(AND(AL9<>"",AL9>0),AL9&" "&$AL$7&" / ","")&IF(AND(AM9<>"",AM9>0),AM9&" "&$AM$7&" / ","")&IF(AND(AN9<>"",AN9>0),AN9&" "&$AN$7&" / ","")&IF(AND(AO9<>"",AO9>0),AO9&" "&$AO$7&" / ","")&IF(AND(AP9<>"",AP9>0),AP9&" "&$AP$7&" / ","")&IF(AND(AQ9<>"",AQ9>0),AQ9&" "&$AQ$7&" / ","")&IF(AND(AR9<>"",AR9>0),AR9&" "&$AR$7&" / ","")&IF(AND(AS9<>"",AS9>0),AS9&" "&$AS$7&" / ","")&IF(AND(AT9<>"",AT9>0),AT9&" "&$AT$7&" / ","")&IF(AND(AU9<>"",AU9>0),AU9&" "&$AU$7&" / ","")&IF(AND(AV9<>"",AV9>0),AV9&" "&$AV$7&" / ","")&IF(AND(AW9<>"",AW9>0),AW9&" "&$AW$7&" / ","")&IF(AND(AX9<>"",AX9>0),AX9&" "&$AX$7&" / ","")&IF(AND(AY9<>"",AY9>0),AY9&" "&$AY$7&" / ","")&IF(AND(AZ9<>"",AZ9>0),AZ9&" "&$AZ$7&" / ","")&IF(AND(BA9<>"",BA9>0),BA9&" "&" / ",""),LEN(IF(AND(AK9<>"",AK9>0),AK9&" "&$AK$7&" / ","")&IF(AND(AL9<>"",AL9>0),AL9&" "&$AL$7&" / ","")&IF(AND(AM9<>"",AM9>0),AM9&" "&$AM$7&" / ","")&IF(AND(AN9<>"",AN9>0),AN9&" "&$AN$7&" / ","")&IF(AND(AO9<>"",AO9>0),AO9&" "&$AO$7&" / ","")&IF(AND(AP9<>"",AP9>0),AP9&" "&$AP$7&" / ","")&IF(AND(AQ9<>"",AQ9>0),AQ9&" "&$AQ$7&" / ","")&IF(AND(AR9<>"",AR9>0),AR9&" "&$AR$7&" / ","")&IF(AND(AS9<>"",AS9>0),AS9&" "&$AS$7&" / ","")&IF(AND(AT9<>"",AT9>0),AT9&" "&$AT$7&" / ","")&IF(AND(AU9<>"",AU9>0),AU9&" "&$AU$7&" / ","")&IF(AND(AV9<>"",AV9>0),AV9&" "&$AV$7&" / ","")&IF(AND(AW9<>"",AW9>0),AW9&" "&$AW$7&" / ","")&IF(AND(AX9<>"",AX9>0),AX9&" "&$AX$7&" / ","")&IF(AND(AY9<>"",AY9>0),AY9&" "&$AY$7&" / ","")&IF(AND(AZ9<>"",AZ9>0),AZ9&" "&$AZ$7&" / ","")&IF(AND(BA9<>"",BA9>0),BA9&" "" / ",""))-2))) -> 1 ميزان / 84 د.التونسي
A10: المنستير | B10: =IF(ISBLANK($A10),"",IF(ISBLANK(VLOOKUP($A10,Tableau6[],2,FALSE)),"",VLOOKUP($A10,Tableau6[],2,FALSE))) -> منزل النور | C10: =IF(ISBLANK($A10),"",IF(ISBLANK(VLOOKUP($A10,Tableau6[],3,FALSE)),"",VLOOKUP($A10,Tableau6[],3,FALSE))) -> 1 | D10: =IF(ISBLANK($A10),"",IF(ISBLANK(VLOOKUP($A10,Tableau6[],4,FALSE)),"",VLOOKUP($A10,Tableau6[],4,FALSE))) -> 1 | E10: =IF(ISBLANK($A10),"",IF(ISBLANK(VLOOKUP($A10,Tableau6[],5,FALSE)),"",VLOOKUP($A10,Tableau6[],5,FALSE))) | F10: =IF(ISBLANK($A10),"",IF(ISBLANK(VLOOKUP($A10,Tableau6[],6,FALSE)),"",VLOOKUP($A10,Tableau6[],6,FALSE))) | G10: =IF(ISBLANK($A10),"",IF(ISBLANK(VLOOKUP($A10,Tableau6[],7,FALSE)),"",VLOOKUP($A10,Tableau6[],7,FALSE))) | H10: =IF(ISBLANK($A10),"",IF(ISBLANK(VLOOKUP($A10,Tableau6[],8,FALSE)),"",VLOOKUP($A10,Tableau6[],8,FALSE))) -> 2 | I10: =IF(ISBLANK($A10),"",IF(ISBLANK(VLOOKUP($A10,Tableau6[],9,FALSE)),"",VLOOKUP($A10,Tableau6[],9,FALSE))) | J10: =IF(ISBLANK($A10),"",IF(ISBLANK(VLOOKUP($A10,Tableau6[],10,FALSE)),"",VLOOKUP($A10,Tableau6[],10,FALSE))) | K10: =IF(ISBLANK($A10),"",IF(ISBLANK(VLOOKUP($A10,Tableau6[],11,FALSE)),"",VLOOKUP($A10,Tableau6[],11,FALSE))) | L10: =IF(ISBLANK($A10),"",IF(ISBLANK(VLOOKUP($A10,Tableau6[],12,FALSE)),"",VLOOKUP($A10,Tableau6[],12,FALSE))) | M10: =IF(ISBLANK($A10),"",IF(ISBLANK(VLOOKUP($A10,Tableau6[],13,FALSE)),"",VLOOKUP($A10,Tableau6[],13,FALSE))) | N10: =IF(ISBLANK($A10),"",IF(ISBLANK(VLOOKUP($A10,Tableau6[],14,FALSE)),"",VLOOKUP($A10,Tableau6[],14,FALSE))) | O10: =IF(ISBLANK($A10),"",IF(ISBLANK(VLOOKUP($A10,Tableau6[],15,FALSE)),"",VLOOKUP($A10,Tableau6[],15,FALSE))) | P10: =IF(ISBLANK($A10),"",IF(ISBLANK(VLOOKUP($A10,Tableau6[],16,FALSE)),"",VLOOKUP($A10,Tableau6[],16,FALSE))) | R10: =IF(AND(OR(L10="",L10=0),OR(M10="",M10=0),OR(N10="",N10=0),OR(O10="",O10=0)*OR(P10="",P10=0)),"",TRIM(LEFT(IF(AND(L10<>"",L10>0),L10&" "&$L$7&" / ","")&IF(AND(M10<>"",M10>0),M10&" "&$M$7&" / ","")&IF(AND(N10<>"",N10>0),N10&" "&$N$7&" / ","")&IF(AND(O10<>"",O10>0),O10&" "&$O$7&" / ","")&IF(AND(P10<>"",P10>0),P10&" "&$P$7&" / ",""),LEN(IF(AND(L10<>"",L10>0),L10&" "&$L$7&" / ","")&IF(AND(M10<>"",M10>0),M10&" "&$M$7&" / ","")&IF(AND(N10<>"",N10>0),N10&" "&$N$7&" / ","")&IF(AND(O10<>"",O10>0),O10&" "&$O$7&" / ","")&IF(AND(P10<>"",P10>0),P10&" "&$P$7&" / ",""))-2))) | S10: =IF(ISBLANK($A10),"",IF(ISBLANK(VLOOKUP($A10,Tableau6[],17,FALSE)),"",VLOOKUP($A10,Tableau6[],17,FALSE))) | T10: =IF(ISBLANK($A10),"",IF(ISBLANK(VLOOKUP($A10,Tableau6[],18,FALSE)),"",VLOOKUP($A10,Tableau6[],18,FALSE))) | U10: =IF(AND(OR(S10="",S10=0),OR(T10="",T10=0)),"",TRIM(LEFT(IF(AND(S10<>"",S10>0),S10&" "&$S$7&" / ","")&IF(AND(T10<>"",T10>0),T10&" "&$T$7&" / ",""),LEN(IF(AND(S10<>"",S10>0),S10&" "&$S$7&" / ","")&IF(AND(T10<>"",T10>0),T10&" "&$T$7&" / ",""))-2))) | V10: =IF(ISBLANK($A10),"",IF(ISBLANK(VLOOKUP($A10,Tableau6[],19,FALSE)),"",VLOOKUP($A10,Tableau6[],19,FALSE))) | W10: =IF(ISBLANK($A10),"",IF(ISBLANK(VLOOKUP($A10,Tableau6[],20,FALSE)),"",VLOOKUP($A10,Tableau6[],20,FALSE))) | X10: =IF(ISBLANK($A10),"",IF(ISBLANK(VLOOKUP($A10,Tableau6[],21,FALSE)),"",VLOOKUP($A10,Tableau6[],21,FALSE))) | Y10: =IF(AND(OR(V10="",V10=0),OR(W10="",W10=0),OR(X10="",X10=0)),"",TRIM(LEFT(IF(AND(V10<>"",V10>0),V10&" "&$V$7&" / ","")&IF(AND(W10<>"",W10>0),W10&" "&$W$7&" / ","")&IF(AND(X10<>"",X10>0),X10&" "&" / ",""),LEN(IF(AND(V10<>"",V10>0),V10&" "&$V$7&" / ","")&IF(AND(W10<>"",W10>0),W10&" "&$W$7&" / ","")&IF(AND(X10<>"",X10>0),X10&" "&" / ",""))-2))) | Z10: =IF(ISBLANK($A10),"",IF(ISBLANK(VLOOKUP($A10,Tableau6[],22,FALSE)),"",VLOOKUP($A10,Tableau6[],22,FALSE))) | AA10: =IF(ISBLANK($A10),"",IF(ISBLANK(VLOOKUP($A10,Tableau6[],23,FALSE)),"",VLOOKUP($A10,Tableau6[],23,FALSE))) | AB10: =IF(ISBLANK($A10),"",IF(ISBLANK(VLOOKUP($A10,Tableau6[],24,FALSE)),"",VLOOKUP($A10,Tableau6[],24,FALSE))) | AC10: =IF(AND(OR(Z10="",Z10=0),OR(AA10="",AA10=0),OR(AB10="",AB10=0)),"",TRIM(LEFT(IF(AND(Z10<>"",Z10>0),Z10&" "&$Z$7&" / ","")&IF(AND(AA10<>"",AA10>0),AA10&" "&$AA$7&" / ","")&IF(AND(AB10<>"",AB10>0),AB10&" "&" / ",""),LEN(IF(AND(Z10<>"",Z10>0),Z10&" "&$Z$7&" / ","")&IF(AND(AA10<>"",AA10>0),AA10&" "&$AA$7&" / ","")&IF(AND(AB10<>"",AB10>0),AB10&" "&" / ",""))-2))) | AD10: =IF(ISBLANK($A10),"",IF(ISBLANK(VLOOKUP($A10,Tableau6[],25,FALSE)),"",VLOOKUP($A10,Tableau6[],25,FALSE))) | AE10: =IF(ISBLANK($A10),"",IF(ISBLANK(VLOOKUP($A10,Tableau6[],26,FALSE)),"",VLOOKUP($A10,Tableau6[],26,FALSE))) | AF10: =IF(ISBLANK($A10),"",IF(ISBLANK(VLOOKUP($A10,Tableau6[],27,FALSE)),"",VLOOKUP($A10,Tableau6[],27,FALSE))) | AG10: =IF(AND(OR(AD10="",AD10=0),OR(AE10="",AE10=0),OR(AF10="",AF10=0)),"",TRIM(LEFT(IF(AND(AD10<>"",AD10>0),AD10&" "&$AD$7&" / ","")&IF(AND(AE10<>"",AE10>0),AE10&" "&$AE$7&" / ","")&IF(AND(AF10<>"",AF10>0),AF10&" "&$AF$7&" / ",""),LEN(IF(AND(AD10<>"",AD10>0),AD10&" "&$AD$7&" / ","")&IF(AND(AE10<>"",AE10>0),AE10&" "&$AE$7&" / ","")&IF(AND(AF10<>"",AF10>0),AF10&" "&$AF$7&" / ",""))-2))) | AH10: =IF(ISBLANK($A10),"",IF(ISBLANK(VLOOKUP($A10,Tableau6[],28,FALSE)),"",VLOOKUP($A10,Tableau6[],28,FALSE))) | AI10: =IF(ISBLANK($A10),"",IF(ISBLANK(VLOOKUP($A10,Tableau6[],29,FALSE)),"",VLOOKUP($A10,Tableau6[],29,FALSE))) | AJ10: =IF(ISBLANK($A10),"",IF(ISBLANK(VLOOKUP($A10,Tableau6[],30,FALSE)),"",VLOOKUP($A10,Tableau6[],30,FALSE))) | AK10: =IF(AND(OR(AI10="",AI10=0),OR(AJ10="",AJ10=0)),"",TRIM(LEFT(IF(AND(AI10<>"",AI10>0),AI10&" "&$AI$7&" / ","")&IF(AND(AJ10<>"",AJ10>0),AJ10&" "&$AJ$7&" / ",""),LEN(IF(AND(AI10<>"",AI10>0),AI10&" "&$AI$7&" / ","")&IF(AND(AJ10<>"",AJ10>0),AJ10&" "&$AJ$7&" / ",""))-2))) | AL10: =IF(ISBLANK($A10),"",IF(ISBLANK(VLOOKUP($A10,Tableau6[],31,FALSE)),"",VLOOKUP($A10,Tableau6[],31,FALSE))) | AM10: =IF(ISBLANK($A10),"",IF(ISBLANK(VLOOKUP($A10,Tableau6[],32,FALSE)),"",VLOOKUP($A10,Tableau6[],32,FALSE))) | AN10: =IF(ISBLANK($A10),"",IF(ISBLANK(VLOOKUP($A10,Tableau6[],33,FALSE)),"",VLOOKUP($A10,Tableau6[],33,FALSE))) | AO10: =IF(ISBLANK($A10),"",IF(ISBLANK(VLOOKUP($A10,Tableau6[],34,FALSE)),"",VLOOKUP($A10,Tableau6[],34,FALSE))) | AP10: =IF(ISBLANK($A10),"",IF(ISBLANK(VLOOKUP($A10,Tableau6[],35,FALSE)),"",VLOOKUP($A10,Tableau6[],35,FALSE))) | AQ10: =IF(ISBLANK($A10),"",IF(ISBLANK(VLOOKUP($A10,Tableau6[],36,FALSE)),"",VLOOKUP($A10,Tableau6[],36,FALSE))) | AR10: =IF(ISBLANK($A10),"",IF(ISBLANK(VLOOKUP($A10,Tableau6[],37,FALSE)),"",VLOOKUP($A10,Tableau6[],37,FALSE))) -> 1 | AS10: =IF(ISBLANK($A10),"",IF(ISBLANK(VLOOKUP($A10,Tableau6[],38,FALSE)),"",VLOOKUP($A10,Tableau6[],38,FALSE))) | AT10: =IF(ISBLANK($A10),"",IF(ISBLANK(VLOOKUP($A10,Tableau6[],39,FALSE)),"",VLOOKUP($A10,Tableau6[],39,FALSE))) | AU10: =IF(ISBLANK($A10),"",IF(ISBLANK(VLOOKUP($A10,Tableau6[],40,FALSE)),"",VLOOKUP($A10,Tableau6[],40,FALSE))) | AV10: =IF(ISBLANK($A10),"",IF(ISBLANK(VLOOKUP($A10,Tableau6[],41,FALSE)),"",VLOOKUP($A10,Tableau6[],41,FALSE))) | AW10: =IF(ISBLANK($A10),"",IF(ISBLANK(VLOOKUP($A10,Tableau6[],42,FALSE)),"",VLOOKUP($A10,Tableau6[],42,FALSE))) | AX10: =IF(ISBLANK($A10),"",IF(ISBLANK(VLOOKUP($A10,Tableau6[],43,FALSE)),"",VLOOKUP($A10,Tableau6[],43,FALSE))) | AY10: =IF(ISBLANK($A10),"",IF(ISBLANK(VLOOKUP($A10,Tableau6[],44,FALSE)),"",VLOOKUP($A10,Tableau6[],44,FALSE))) | AZ10: =IF(ISBLANK($A10),"",IF(ISBLANK(VLOOKUP($A10,Tableau6[],45,FALSE)),"",VLOOKUP($A10,Tableau6[],45,FALSE))) | BA10: =IF(ISBLANK($A10),"",IF(ISBLANK(VLOOKUP($A10,Tableau6[],46,FALSE)),"",VLOOKUP($A10,Tableau6[],46,FALSE))) | BB10: =IF(AND(OR(AK10="",AK10=0),OR(AL10="",AL10=0),OR(AM10="",AM10=0),OR(AN10="",AN10=0),OR(AO10="",AO10=0),OR(AP10="",AP10=0),OR(AQ10="",AQ10=0),OR(AR10="",AR10=0),OR(AS10="",AS10=0),OR(AT10="",AT10=0),OR(AU10="",AU10=0),OR(AV10="",AV10=0),OR(AW10="",AW10=0),OR(AX10="",AX10=0),OR(AY10="",AY10=0),OR(AZ10="",AZ10=0),OR(BA10="",BA10=0)),"",TRIM(LEFT(IF(AND(AK10<>"",AK10>0),AK10&" "&$AK$7&" / ","")&IF(AND(AL10<>"",AL10>0),AL10&" "&$AL$7&" / ","")&IF(AND(AM10<>"",AM10>0),AM10&" "&$AM$7&" / ","")&IF(AND(AN10<>"",AN10>0),AN10&" "&$AN$7&" / ","")&IF(AND(AO10<>"",AO10>0),AO10&" "&$AO$7&" / ","")&IF(AND(AP10<>"",AP10>0),AP10&" "&$AP$7&" / ","")&IF(AND(AQ10<>"",AQ10>0),AQ10&" "&$AQ$7&" / ","")&IF(AND(AR10<>"",AR10>0),AR10&" "&$AR$7&" / ","")&IF(AND(AS10<>"",AS10>0),AS10&" "&$AS$7&" / ","")&IF(AND(AT10<>"",AT10>0),AT10&" "&$AT$7&" / ","")&IF(AND(AU10<>"",AU10>0),AU10&" "&$AU$7&" / ","")&IF(AND(AV10<>"",AV10>0),AV10&" "&$AV$7&" / ","")&IF(AND(AW10<>"",AW10>0),AW10&" "&$AW$7&" / ","")&IF(AND(AX10<>"",AX10>0),AX10&" "&$AX$7&" / ","")&IF(AND(AY10<>"",AY10>0),AY10&" "&$AY$7&" / ","")&IF(AND(AZ10<>"",AZ10>0),AZ10&" "&$AZ$7&" / ","")&IF(AND(BA10<>"",BA10>0),BA10&" "&" / ",""),LEN(IF(AND(AK10<>"",AK10>0),AK10&" "&$AK$7&" / ","")&IF(AND(AL10<>"",AL10>0),AL10&" "&$AL$7&" / ","")&IF(AND(AM10<>"",AM10>0),AM10&" "&$AM$7&" / ","")&IF(AND(AN10<>"",AN10>0),AN10&" "&$AN$7&" / ","")&IF(AND(AO10<>"",AO10>0),AO10&" "&$AO$7&" / ","")&IF(AND(AP10<>"",AP10>0),AP10&" "&$AP$7&" / ","")&IF(AND(AQ10<>"",AQ10>0),AQ10&" "&$AQ$7&" / ","")&IF(AND(AR10<>"",AR10>0),AR10&" "&$AR$7&" / ","")&IF(AND(AS10<>"",AS10>0),AS10&" "&$AS$7&" / ","")&IF(AND(AT10<>"",AT10>0),AT10&" "&$AT$7&" / ","")&IF(AND(AU10<>"",AU10>0),AU10&" "&$AU$7&" / ","")&IF(AND(AV10<>"",AV10>0),AV10&" "&$AV$7&" / ","")&IF(AND(AW10<>"",AW10>0),AW10&" "&$AW$7&" / ","")&IF(AND(AX10<>"",AX10>0),AX10&" "&$AX$7&" / ","")&IF(AND(AY10<>"",AY10>0),AY10&" "&$AY$7&" / ","")&IF(AND(AZ10<>"",AZ10>0),AZ10&" "&$AZ$7&" / ","")&IF(AND(BA10<>"",BA10>0),BA10&" "" / ",""))-2))) -> 1 صحن
A11: الفرق المركزية للأبحاث | B11: =IF(ISBLANK($A11),"",IF(ISBLANK(VLOOKUP($A11,Tableau6[],2,FALSE)),"",VLOOKUP($A11,Tableau6[],2,FALSE))) -> العوينة | C11: =IF(ISBLANK($A11),"",IF(ISBLANK(VLOOKUP($A11,Tableau6[],3,FALSE)),"",VLOOKUP($A11,Tableau6[],3,FALSE))) -> 1 | D11: =IF(ISBLANK($A11),"",IF(ISBLANK(VLOOKUP($A11,Tableau6[],4,FALSE)),"",VLOOKUP($A11,Tableau6[],4,FALSE))) | E11: =IF(ISBLANK($A11),"",IF(ISBLANK(VLOOKUP($A11,Tableau6[],5,FALSE)),"",VLOOKUP($A11,Tableau6[],5,FALSE))) -> 1 | F11: =IF(ISBLANK($A11),"",IF(ISBLANK(VLOOKUP($A11,Tableau6[],6,FALSE)),"",VLOOKUP($A11,Tableau6[],6,FALSE))) | G11: =IF(ISBLANK($A11),"",IF(ISBLANK(VLOOKUP($A11,Tableau6[],7,FALSE)),"",VLOOKUP($A11,Tableau6[],7,FALSE))) | H11: =IF(ISBLANK($A11),"",IF(ISBLANK(VLOOKUP($A11,Tableau6[],8,FALSE)),"",VLOOKUP($A11,Tableau6[],8,FALSE))) | I11: =IF(ISBLANK($A11),"",IF(ISBLANK(VLOOKUP($A11,Tableau6[],9,FALSE)),"",VLOOKUP($A11,Tableau6[],9,FALSE))) -> 1 | J11: =IF(ISBLANK($A11),"",IF(ISBLANK(VLOOKUP($A11,Tableau6[],10,FALSE)),"",VLOOKUP($A11,Tableau6[],10,FALSE))) | K11: =IF(ISBLANK($A11),"",IF(ISBLANK(VLOOKUP($A11,Tableau6[],11,FALSE)),"",VLOOKUP($A11,Tableau6[],11,FALSE))) | L11: =IF(ISBLANK($A11),"",IF(ISBLANK(VLOOKUP($A11,Tableau6[],12,FALSE)),"",VLOOKUP($A11,Tableau6[],12,FALSE))) | M11: =IF(ISBLANK($A11),"",IF(ISBLANK(VLOOKUP($A11,Tableau6[],13,FALSE)),"",VLOOKUP($A11,Tableau6[],13,FALSE))) | N11: =IF(ISBLANK($A11),"",IF(ISBLANK(VLOOKUP($A11,Tableau6[],14,FALSE)),"",VLOOKUP($A11,Tableau6[],14,FALSE))) -> 1 | O11: =IF(ISBLANK($A11),"",IF(ISBLANK(VLOOKUP($A11,Tableau6[],15,FALSE)),"",VLOOKUP($A11,Tableau6[],15,FALSE))) | P11: =IF(ISBLANK($A11),"",IF(ISBLANK(VLOOKUP($A11,Tableau6[],16,FALSE)),"",VLOOKUP($A11,Tableau6[],16,FALSE))) | R11: =IF(AND(OR(L11="",L11=0),OR(M11="",M11=0),OR(N11="",N11=0),OR(O11="",O11=0)*OR(P11="",P11=0)),"",TRIM(LEFT(IF(AND(L11<>"",L11>0),L11&" "&$L$7&" / ","")&IF(AND(M11<>"",M11>0),M11&" "&$M$7&" / ","")&IF(AND(N11<>"",N11>0),N11&" "&$N$7&" / ","")&IF(AND(O11<>"",O11>0),O11&" "&$O$7&" / ","")&IF(AND(P11<>"",P11>0),P11&" "&$P$7&" / ",""),LEN(IF(AND(L11<>"",L11>0),L11&" "&$L$7&" / ","")&IF(AND(M11<>"",M11>0),M11&" "&$M$7&" / ","")&IF(AND(N11<>"",N11>0),N11&" "&$N$7&" / ","")&IF(AND(O11<>"",O11>0),O11&" "&$O$7&" / ","")&IF(AND(P11<>"",P11>0),P11&" "&$P$7&" / ",""))-2))) -> 1 قطع | S11: =IF(ISBLANK($A11),"",IF(ISBLANK(VLOOKUP($A11,Tableau6[],17,FALSE)),"",VLOOKUP($A11,Tableau6[],17,FALSE))) -> 22 | T11: =IF(ISBLANK($A11),"",IF(ISBLANK(VLOOKUP($A11,Tableau6[],18,FALSE)),"",VLOOKUP($A11,Tableau6[],18,FALSE))) | U11: =IF(AND(OR(S11="",S11=0),OR(T11="",T11=0)),"",TRIM(LEFT(IF(AND(S11<>"",S11>0),S11&" "&$S$7&" / ","")&IF(AND(T11<>"",T11>0),T11&" "&$T$7&" / ",""),LEN(IF(AND(S11<>"",S11>0),S11&" "&$S$7&" / ","")&IF(AND(T11<>"",T11>0),T11&" "&$T$7&" / ",""))-2))) -> 22 قرص | V11: =IF(ISBLANK($A11),"",IF(ISBLANK(VLOOKUP($A11,Tableau6[],19,FALSE)),"",VLOOKUP($A11,Tableau6[],19,FALSE))) | W11: =IF(ISBLANK($A11),"",IF(ISBLANK(VLOOKUP($A11,Tableau6[],20,FALSE)),"",VLOOKUP($A11,Tableau6[],20,FALSE))) | X11: =IF(ISBLANK($A11),"",IF(ISBLANK(VLOOKUP($A11,Tableau6[],21,FALSE)),"",VLOOKUP($A11,Tableau6[],21,FALSE))) | Y11: =IF(AND(OR(V11="",V11=0),OR(W11="",W11=0),OR(X11="",X11=0)),"",TRIM(LEFT(IF(AND(V11<>"",V11>0),V11&" "&$V$7&" / ","")&IF(AND(W11<>"",W11>0),W11&" "&$W$7&" / ","")&IF(AND(X11<>"",X11>0),X11&" "&" / ",""),LEN(IF(AND(V11<>"",V11>0),V11&" "&$V$7&" / ","")&IF(AND(W11<>"",W11>0),W11&" "&$W$7&" / ","")&IF(AND(X11<>"",X11>0),X11&" "&" / ",""))-2))) | Z11: =IF(ISBLANK($A11),"",IF(ISBLANK(VLOOKUP($A11,Tableau6[],22,FALSE)),"",VLOOKUP($A11,Tableau6[],22,FALSE))) | AA11: =IF(ISBLANK($A11),"",IF(ISBLANK(VLOOKUP($A11,Tableau6[],23,FALSE)),"",VLOOKUP($A11,Tableau6[],23,FALSE))) | AB11: =IF(ISBLANK($A11),"",IF(ISBLANK(VLOOKUP($A11,Tableau6[],24,FALSE)),"",VLOOKUP($A11,Tableau6[],24,FALSE))) | AC11: =IF(AND(OR(Z11="",Z11=0),OR(AA11="",AA11=0),OR(AB11="",AB11=0)),"",TRIM(LEFT(IF(AND(Z11<>"",Z11>0),Z11&" "&$Z$7&" / ","")&IF(AND(AA11<>"",AA11>0),AA11&" "&$AA$7&" / ","")&IF(AND(AB11<>"",AB11>0),AB11&" "&" / ",""),LEN(IF(AND(Z11<>"",Z11>0),Z11&" "&$Z$7&" / ","")&IF(AND(AA11<>"",AA11>0),AA11&" "&$AA$7&" / ","")&IF(AND(AB11<>"",AB11>0),AB11&" "&" / ",""))-2))) | AD11: =IF(ISBLANK($A11),"",IF(ISBLANK(VLOOKUP($A11,Tableau6[],25,FALSE)),"",VLOOKUP($A11,Tableau6[],25,FALSE))) | AE11: =IF(ISBLANK($A11),"",IF(ISBLANK(VLOOKUP($A11,Tableau6[],26,FALSE)),"",VLOOKUP($A11,Tableau6[],26,FALSE))) | AF11: =IF(ISBLANK($A11),"",IF(ISBLANK(VLOOKUP($A11,Tableau6[],27,FALSE)),"",VLOOKUP($A11,Tableau6[],27,FALSE))) | AG11: =IF(AND(OR(AD11="",AD11=0),OR(AE11="",AE11=0),OR(AF11="",AF11=0)),"",TRIM(LEFT(IF(AND(AD11<>"",AD11>0),AD11&" "&$AD$7&" / ","")&IF(AND(AE11<>"",AE11>0),AE11&" "&$AE$7&" / ","")&IF(AND(AF11<>"",AF11>0),AF11&" "&$AF$7&" / ",""),LEN(IF(AND(AD11<>"",AD11>0),AD11&" "&$AD$7&" / ","")&IF(AND(AE11<>"",AE11>0),AE11&" "&$AE$7&" / ","")&IF(AND(AF11<>"",AF11>0),AF11&" "&$AF$7&" / ",""))-2))) | AH11: =IF(ISBLANK($A11),"",IF(ISBLANK(VLOOKUP($A11,Tableau6[],28,FALSE)),"",VLOOKUP($A11,Tableau6[],28,FALSE))) | AI11: =IF(ISBLANK($A11),"",IF(ISBLANK(VLOOKUP($A11,Tableau6[],29,FALSE)),"",VLOOKUP($A11,Tableau6[],29,FALSE))) | AJ11: =IF(ISBLANK($A11),"",IF(ISBLANK(VLOOKUP($A11,Tableau6[],30,FALSE)),"",VLOOKUP($A11,Tableau6[],30,FALSE))) | AK11: =IF(AND(OR(AI11="",AI11=0),OR(AJ11="",AJ11=0)),"",TRIM(LEFT(IF(AND(AI11<>"",AI11>0),AI11&" "&$AI$7&" / ","")&IF(AND(AJ11<>"",AJ11>0),AJ11&" "&$AJ$7&" / ",""),LEN(IF(AND(AI11<>"",AI11>0),AI11&" "&$AI$7&" / ","")&IF(AND(AJ11<>"",AJ11>0),AJ11&" "&$AJ$7&" / ",""))-2))) | AL11: =IF(ISBLANK($A11),"",IF(ISBLANK(VLOOKUP($A11,Tableau6[],31,FALSE)),"",VLOOKUP($A11,Tableau6[],31,FALSE))) | AM11: =IF(ISBLANK($A11),"",IF(ISBLANK(VLOOKUP($A11,Tableau6[],32,FALSE)),"",VLOOKUP($A11,Tableau6[],32,FALSE))) | AN11: =IF(ISBLANK($A11),"",IF(ISBLANK(VLOOKUP($A11,Tableau6[],33,FALSE)),"",VLOOKUP($A11,Tableau6[],33,FALSE))) | AO11: =IF(ISBLANK($A11),"",IF(ISBLANK(VLOOKUP($A11,Tableau6[],34,FALSE)),"",VLOOKUP($A11,Tableau6[],34,FALSE))) -> 1 | AP11: =IF(ISBLANK($A11),"",IF(ISBLANK(VLOOKUP($A11,Tableau6[],35,FALSE)),"",VLOOKUP($A11,Tableau6[],35,FALSE))) | AQ11: =IF(ISBLANK($A11),"",IF(ISBLANK(VLOOKUP($A11,Tableau6[],36,FALSE)),"",VLOOKUP($A11,Tableau6[],36,FALSE))) | AR11: =IF(ISBLANK($A11),"",IF(ISBLANK(VLOOKUP($A11,Tableau6[],37,FALSE)),"",VLOOKUP($A11,Tableau6[],37,FALSE))) | AS11: =IF(ISBLANK($A11),"",IF(ISBLANK(VLOOKUP($A11,Tableau6[],38,FALSE)),"",VLOOKUP($A11,Tableau6[],38,FALSE))) | AT11: =IF(ISBLANK($A11),"",IF(ISBLANK(VLOOKUP($A11,Tableau6[],39,FALSE)),"",VLOOKUP($A11,Tableau6[],39,FALSE))) | AU11: =IF(ISBLANK($A11),"",IF(ISBLANK(VLOOKUP($A11,Tableau6[],40,FALSE)),"",VLOOKUP($A11,Tableau6[],40,FALSE))) | AV11: =IF(ISBLANK($A11),"",IF(ISBLANK(VLOOKUP($A11,Tableau6[],41,FALSE)),"",VLOOKUP($A11,Tableau6[],41,FALSE))) | AW11: =IF(ISBLANK($A11),"",IF(ISBLANK(VLOOKUP($A11,Tableau6[],42,FALSE)),"",VLOOKUP($A11,Tableau6[],42,FALSE))) | AX11: =IF(ISBLANK($A11),"",IF(ISBLANK(VLOOKUP($A11,Tableau6[],43,FALSE)),"",VLOOKUP($A11,Tableau6[],43,FALSE))) | AY11: =IF(ISBLANK($A11),"",IF(ISBLANK(VLOOKUP($A11,Tableau6[],44,FALSE)),"",VLOOKUP($A11,Tableau6[],44,FALSE))) | AZ11: =IF(ISBLANK($A11),"",IF(ISBLANK(VLOOKUP($A11,Tableau6[],45,FALSE)),"",VLOOKUP($A11,Tableau6[],45,FALSE))) | BA11: =IF(ISBLANK($A11),"",IF(ISBLANK(VLOOKUP($A11,Tableau6[],46,FALSE)),"",VLOOKUP($A11,Tableau6[],46,FALSE))) | BB11: =IF(AND(OR(AK11="",AK11=0),OR(AL11="",AL11=0),OR(AM11="",AM11=0),OR(AN11="",AN11=0),OR(AO11="",AO11=0),OR(AP11="",AP11=0),OR(AQ11="",AQ11=0),OR(AR11="",AR11=0),OR(AS11="",AS11=0),OR(AT11="",AT11=0),OR(AU11="",AU11=0),OR(AV11="",AV11=0),OR(AW11="",AW11=0),OR(AX11="",AX11=0),OR(AY11="",AY11=0),OR(AZ11="",AZ11=0),OR(BA11="",BA11=0)),"",TRIM(LEFT(IF(AND(AK11<>"",AK11>0),AK11&" "&$AK$7&" / ","")&IF(AND(AL11<>"",AL11>0),AL11&" "&$AL$7&" / ","")&IF(AND(AM11<>"",AM11>0),AM11&" "&$AM$7&" / ","")&IF(AND(AN11<>"",AN11>0),AN11&" "&$AN$7&" / ","")&IF(AND(AO11<>"",AO11>0),AO11&" "&$AO$7&" / ","")&IF(AND(AP11<>"",AP11>0),AP11&" "&$AP$7&" / ","")&IF(AND(AQ11<>"",AQ11>0),AQ11&" "&$AQ$7&" / ","")&IF(AND(AR11<>"",AR11>0),AR11&" "&$AR$7&" / ","")&IF(AND(AS11<>"",AS11>0),AS11&" "&$AS$7&" / ","")&IF(AND(AT11<>"",AT11>0),AT11&" "&$AT$7&" / ","")&IF(AND(AU11<>"",AU11>0),AU11&" "&$AU$7&" / ","")&IF(AND(AV11<>"",AV11>0),AV11&" "&$AV$7&" / ","")&IF(AND(AW11<>"",AW11>0),AW11&" "&$AW$7&" / ","")&IF(AND(AX11<>"",AX11>0),AX11&" "&$AX$7&" / ","")&IF(AND(AY11<>"",AY11>0),AY11&" "&$AY$7&" / ","")&IF(AND(AZ11<>"",AZ11>0),AZ11&" "&$AZ$7&" / ","")&IF(AND(BA11<>"",BA11>0),BA11&" "&" / ",""),LEN(IF(AND(AK11<>"",AK11>0),AK11&" "&$AK$7&" / ","")&IF(AND(AL11<>"",AL11>0),AL11&" "&$AL$7&" / ","")&IF(AND(AM11<>"",AM11>0),AM11&" "&$AM$7&" / ","")&IF(AND(AN11<>"",AN11>0),AN11&" "&$AN$7&" / ","")&IF(AND(AO11<>"",AO11>0),AO11&" "&$AO$7&" / ","")&IF(AND(AP11<>"",AP11>0),AP11&" "&$AP$7&" / ","")&IF(AND(AQ11<>"",AQ11>0),AQ11&" "&$AQ$7&" / ","")&IF(AND(AR11<>"",AR11>0),AR11&" "&$AR$7&" / ","")&IF(AND(AS11<>"",AS11>0),AS11&" "&$AS$7&" / ","")&IF(AND(AT11<>"",AT11>0),AT11&" "&$AT$7&" / ","")&IF(AND(AU11<>"",AU11>0),AU11&" "&$AU$7&" / ","")&IF(AND(AV11<>"",AV11>0),AV11&" "&$AV$7&" / ","")&IF(AND(AW11<>"",AW11>0),AW11&" "&$AW$7&" / ","")&IF(AND(AX11<>"",AX11>0),AX11&" "&$AX$7&" / ","")&IF(AND(AY11<>"",AY11>0),AY11&" "&$AY$7&" / ","")&IF(AND(AZ11<>"",AZ11>0),AZ11&" "&$AZ$7&" / ","")&IF(AND(BA11<>"",BA11>0),BA11&" "" / ",""))-2))) -> 1 هاتف جوال
A12: المجموع | B12: *** | C12: =SUM(C8:C11) -> 3 | D12: =SUM(D8:D11) -> 1 | E12: =SUM(E8:E11) -> 2 | F12: =SUM(F8:F11) -> 0 | G12: =SUM(G8:G11) -> 0 | H12: =SUM(H8:H11) -> 2 | I12: =SUM(I8:I11) -> 2 | J12: =SUM(J8:J11) -> 0 | ... P12: =SUM(P8:P11) -> 0 | Q12: **** | R12: =IF(AND(OR(L12="",L12=0),OR(M12="",M12=0),OR(N12="",N12=0),OR(O12="",O12=0)*OR(P12="",P12=0)),"",TRIM(LEFT(IF(AND(L12<>"",L12>0),L12&" "&$L$7&" / ","")&IF(AND(M12<>"",M12>0),M12&" "&$M$7&" / ","")&IF(AND(N12<>"",N12>0),N12&" "&$N$7&" / ","")&IF(AND(O12<>"",O12>0),O12&" "&$O$7&" / ","")&IF(AND(P12<>"",P12>0),P12&" "&$P$7&" / ",""),LEN(IF(AND(L12<>"",L12>0),L12&" "&$L$7&" / ","")&IF(AND(M12<>"",M12>0),M12&" "&$M$7&" / ","")&IF(AND(N12<>"",N12>0),N12&" "&$N$7&" / ","")&IF(AND(O12<>"",O12>0),O12&" "&$O$7&" / ","")&IF(AND(P12<>"",P12>0),P12&" "&$P$7&" / ",""))-2))) -> 1 قطع | S12: =SUM(S8:S11) -> 22 | T12: =SUM(T8:T11) -> 0 | U12: =IF(AND(OR(S12="",S12=0),OR(T12="",T12=0)),"",TRIM(LEFT(IF(AND(S12<>"",S12>0),S12&" "&$S$7&" / ","")&IF(AND(T12<>"",T12>0),T12&" "&$T$7&" / ",""),LEN(IF(AND(S12<>"",S12>0),S12&" "&$S$7&" / ","")&IF(AND(T12<>"",T12>0),T12&" "&$T$7&" / ",""))-2))) -> 22 قرص | V12: =SUM(V8:V11) -> 0 | W12: =SUM(W8:W11) -> 0 | X12: =SUM(X8:X11) -> 0 | Y12: 0 | Z12: =SUM(Z8:Z11) -> 0 | AA12: =SUM(AA8:AA11) -> 0 | AB12: =SUM(AB8:AB11) -> 0 | AC12: 0 | AD12: =SUM(AD8:AD11) -> 0 | AE12: =SUM(AE8:AE11) -> 0 | AF12: =SUM(AF8:AF11) -> 0 | AG12: 0 | AH12: 0 | AI12: =SUM(AI8:AI11) -> 0 | AJ12: =SUM(AJ8:AJ11) -> 0 | AK12: =IF(AND(OR(AI12="",AI12=0),OR(AJ12="",AJ12=0)),"",TRIM(LEFT(IF(AND(AI12<>"",AI12>0),AI12&" "&$AI$7&" / ","")&IF(AND(AJ12<>"",AJ12>0),AJ12&" "&$AJ$7&" / ",""),LEN(IF(AND(AI12<>"",AI12>0),AI12&" "&$AI$7&" / ","")&IF(AND(AJ12<>"",AJ12>0),AJ12&" "&$AJ$7&" / ",""))-2))) | AL12: =SUM(AL8:AL11) -> 0 | AM12: =SUM(AM8:AM11) -> 0 | AN12: =SUM(AN8:AN11) -> 0 | AO12: =SUM(AO8:AO11) -> 1 | AP12: =SUM(AP8:AP11) -> 0 | AQ12: =SUM(AQ8:AQ11) -> 0 | AR12: =SUM(AR8:AR11) -> 1 | AS12: =SUM(AS8:AS11) -> 1 | ... BA12: =SUM(BA8:BA11) -> 0 | BB12: ******

Sheet غرق مراكب الهجرة
B2: الإدارة العامة للحرس الوطني إدارة عمليات الحرس الوطني عـــــــــــ/ 3932 /ــــدد
D5: كشف يومي في حالات غرق مراكب الهجرة غير النظامية و عمليات الإنقاذ ليوم 2026/01/11
C10: الإقليم البحري | D10: عدد المراكب التي تعرضت للغرق | E10: عدد المراكب التي تم التدخل لإنقاذها | F10: عدد المجتازين الذين تم إنقاذهم | J10: عدد الجثث تم انتشالها
F11: تونسيين | H11: أجانب | J11: تونسيين | L11: أجانب | N11: جثث مجهولة الهوية
F12: ذكور | G12: إناث | H12: ذكور | I12: إناث | J12: ذكور | K12: إناث | L12: ذكور | M12: إناث
C13: إقليم الحرس البحري بالشمال | D13: 0 | E13: 0 | F13: 0 | G13: 0 | H13: 0 | I13: 0 | J13: 0 | K13: 0 | L13: 0 | M13: 0 | N13: 0
C14: إقليم الحرس البحري بالساحل | D14: 0 | E14: 0 | F14: 0 | G14: 0 | H14: 0 | I14: 0 | J14: 0 | K14: 0 | L14: 0 | M14: 0 | N14: 0
C15: إقليم الحرس البحري بالوسط | D15: 0 | E15: 0 | F15: 0 | G15: 0 | H15: 0 | I15: 0 | J15: 0 | K15: 0 | L15: 0 | M15: 0 | N15: 0
C16: إقليم الحرس البحري بالجنوب | D16: 0 | E16: 0 | F16: 0 | G16: 0 | H16: 0 | I16: 0 | J16: 0 | K16: 0 | L16: 0 | M16: 0 | N16: 0
C17: المجموع | D17: =D16+D15+D14+D13 -> 0 | E17: =E16+E15+E14+E13 -> 0 | F17: =F16+F15+F14+F13 -> 0 | G17: =G16+G15+G14+G13 -> 0 | H17: =H16+H15+H14+H13 -> 0 | I17: =I16+I15+I14+I13 -> 0 | J17: =J16+J15+J14+J13 -> 0 | K17: =K16+K15+K14+K13 -> 0 | ... M17: =M16+M15+M14+M13 -> 0 | N17: =SUM(N13:N16) -> 0
C18: المجموع العـــــــــام | F18: =F17+G17 -> 0 | H18: =H17+I17 -> 0 | J18: =J17+K17 -> 0 | L18: =L17+M17 -> 0 | N18: 0
F19: =H18+F18 -> 0 | J19: =J18+L18 -> 0

Sheet بطاقة الاجتياز
B3: بطاقــة الموضــوع:بشـــــأن التصـــدي لظــــاهـرة الهـجــــرة غـيــر النظامية ليوم 11 جانفي 2026. -// - أتشرف بموافاتكم بأهم ما تم تسجيله بخصوص التصدي لظاهرة الهجرة غير النظامية بمرجع نظر الحرس الوطني
B4: • الحـــدود البحرية:
B6: الأقاليم | C6: عدد العمليات | D6: مكان انطلاق العملية | E6: عدد محاولي الاجتياز | Q6: عدد المنظمين | R6: عدد الوسطاء | S6: عدد المنظمين و الوسطاء مفتش عنهم | T6: عدد المفتش عنهم في قضايا حق عام | U6: عدد العناصر السلفية | V6: عدد الاطراف الامنية المورطة | W6: المحجوز
E7: تونسيين ذكور | F7: تونسيين اناث | G7: تونسيين | H7: افارقة ذكور | I7: افارقة اناث | J7: أفارقة | K7: جنسيات أخرى ذكور | L7: جنسيات أخرى اناث | M7: جنسيات مختلفة | N7: الموقوفين تونسيين | O7: الموقوفين أجانب | P7: عدد الإيقافات
C8: =IF(ISBLANK($B8),"",IF(ISBLANK(VLOOKUP($B8,الاجتياز!$B$9:$AN$38,2,FALSE)),"",VLOOKUP($B8,الاجتياز!$B$9:$AN$38,2,FALSE))) | D8: =IF(ISBLANK($B8),"",IF(ISBLANK(VLOOKUP($B8,الاجتياز!$B$9:$AN$38,3,FALSE)),"",VLOOKUP($B8,الاجتياز!$B$9:$AN$38,3,FALSE))) | E8: =IF(ISBLANK($B8),"",IF(ISBLANK(VLOOKUP($B8,الاجتياز!$B$9:$AN$38,4,FALSE)),"",VLOOKUP($B8,الاجتياز!$B$9:$AN$38,4,FALSE))) | F8: =IF(ISBLANK($B8),"",IF(ISBLANK(VLOOKUP($B8,الاجتياز!$B$9:$AN$38,5,FALSE)),"",VLOOKUP($B8,الاجتياز!$B$9:$AN$38,5,FALSE))) | G8: =IF(SUM(E8,F8)=0,"",SUM(E8,F8)) | H8: =IF(ISBLANK($B8),"",IF(ISBLANK(VLOOKUP($B8,الاجتياز!$B$9:$AN$38,6,FALSE)),"",VLOOKUP($B8,الاجتياز!$B$9:$AN$38,6,FALSE))) | I8: =IF(ISBLANK($B8),"",IF(ISBLANK(VLOOKUP($B8,الاجتياز!$B$9:$AN$38,7,FALSE)),"",VLOOKUP($B8,الاجتياز!$B$9:$AN$38,7,FALSE))) | J8: =IF(SUM(H8,I8)=0,"",SUM(H8,I8)) | K8: =IF(ISBLANK($B8),"",IF(ISBLANK(VLOOKUP($B8,الاجتياز!$B$9:$AN$38,8,FALSE)),"",VLOOKUP($B8,الاجتياز!$B$9:$AN$38,8,FALSE))) | L8: =IF(ISBLANK($B8),"",IF(ISBLANK(VLOOKUP($B8,الاجتياز!$B$9:$AN$38,9,FALSE)),"",VLOOKUP($B8,الاجتياز!$B$9:$AN$38,9,FALSE))) | M8: =IF(SUM(K8,L8)=0,"",SUM(K8,L8)) | N8: =IF(ISBLANK($B8),"",IF(ISBLANK(VLOOKUP($B8,الاجتياز!$B$9:$AN$38,13,FALSE)),"",VLOOKUP($B8,الاجتياز!$B$9:$AN$38,13,FALSE))) | O8: =IF(ISBLANK($B8),"",IF(ISBLANK(VLOOKUP($B8,الاجتياز!$B$9:$AN$38,14,FALSE)),"",VLOOKUP($B8,الاجتياز!$B$9:$AN$38,14,FALSE))) | P8: =IF(SUM(N8,O8)=0,"",SUM(N8,O8)) | Q8: =IF(ISBLANK($B8),"",IF(ISBLANK(VLOOKUP($B8,الاجتياز!$B$9:$AN$38,15,FALSE)),"",VLOOKUP($B8,الاجتياز!$B$9:$AN$38,15,FALSE))) | R8: =IF(ISBLANK($B8),"",IF(ISBLANK(VLOOKUP($B8,الاجتياز!$B$9:$AN$38,16,FALSE)),"",VLOOKUP($B8,الاجتياز!$B$9:$AN$38,16,FALSE))) | S8: =IF(ISBLANK($B8),"",IF(ISBLANK(VLOOKUP($B8,الاجتياز!$B$9:$AN$38,20,FALSE)),"",VLOOKUP($B8,الاجتياز!$B$9:$AN$38,20,FALSE))) | T8: =IF(ISBLANK($B8),"",IF(ISBLANK(VLOOKUP($B8,الاجتياز!$B$9:$AN$38,21,FALSE)),"",VLOOKUP($B8,الاجتياز!$B$9:$AN$38,21,FALSE))) | U8: =IF(ISBLANK($B8),"",IF(ISBLANK(VLOOKUP($B8,الاجتياز!$B$9:$AN$38,22,FALSE)),"",VLOOKUP($B8,الاجتياز!$B$9:$AN$38,22,FALSE))) | V8: =IF(ISBLANK($B8),"",IF(ISBLANK(VLOOKUP($B8,الاجتياز!$B$9:$AN$38,18,FALSE)),"",VLOOKUP($B8,الاجتياز!$B$9:$AN$38,18,FALSE))) | W8: =IF(ISBLANK($B8),"",IF(ISBLANK(VLOOKUP($B8,الاجتياز!$B$9:$AN$38,39,FALSE)),"",VLOOKUP($B8,الاجتياز!$B$9:$AN$38,39,FALSE)))
C9: =IF(ISBLANK($B9),"",IF(ISBLANK(VLOOKUP($B9,الاجتياز!$B$9:$AN$38,2,FALSE)),"",VLOOKUP($B9,الاجتياز!$B$9:$AN$38,2,FALSE))) | D9: =IF(ISBLANK($B9),"",IF(ISBLANK(VLOOKUP($B9,الاجتياز!$B$9:$AN$38,3,FALSE)),"",VLOOKUP($B9,الاجتياز!$B$9:$AN$38,3,FALSE))) | E9: =IF(ISBLANK($B9),"",IF(ISBLANK(VLOOKUP($B9,الاجتياز!$B$9:$AN$38,4,FALSE)),"",VLOOKUP($B9,الاجتياز!$B$9:$AN$38,4,FALSE))) | F9: =IF(ISBLANK($B9),"",IF(ISBLANK(VLOOKUP($B9,الاجتياز!$B$9:$AN$38,5,FALSE)),"",VLOOKUP($B9,الاجتياز!$B$9:$AN$38,5,FALSE))) | G9: =IF(SUM(E9,F9)=0,"",SUM(E9,F9)) | H9: =IF(ISBLANK($B9),"",IF(ISBLANK(VLOOKUP($B9,الاجتياز!$B$9:$AN$38,6,FALSE)),"",VLOOKUP($B9,الاجتياز!$B$9:$AN$38,6,FALSE))) | I9: =IF(ISBLANK($B9),"",IF(ISBLANK(VLOOKUP($B9,الاجتياز!$B$9:$AN$38,7,FALSE)),"",VLOOKUP($B9,الاجتياز!$B$9:$AN$38,7,FALSE))) | J9: =IF(SUM(H9,I9)=0,"",SUM(H9,I9)) | K9: =IF(ISBLANK($B9),"",IF(ISBLANK(VLOOKUP($B9,الاجتياز!$B$9:$AN$38,8,FALSE)),"",VLOOKUP($B9,الاجتياز!$B$9:$AN$38,8,FALSE))) | L9: =IF(ISBLANK($B9),"",IF(ISBLANK(VLOOKUP($B9,الاجتياز!$B$9:$AN$38,9,FALSE)),"",VLOOKUP($B9,الاجتياز!$B$9:$AN$38,9,FALSE))) | M9: =IF(SUM(K9,L9)=0,"",SUM(K9,L9)) | N9: =IF(ISBLANK($B9),"",IF(ISBLANK(VLOOKUP($B9,الاجتياز!$B$9:$AN$38,13,FALSE)),"",VLOOKUP($B9,الاجتياز!$B$9:$AN$38,13,FALSE))) | O9: =IF(ISBLANK($B9),"",IF(ISBLANK(VLOOKUP($B9,الاجتياز!$B$9:$AN$38,14,FALSE)),"",VLOOKUP($B9,الاجتياز!$B$9:$AN$38,14,FALSE))) | P9: =IF(SUM(N9,O9)=0,"",SUM(N9,O9)) | Q9: =IF(ISBLANK($B9),"",IF(ISBLANK(VLOOKUP($B9,الاجتياز!$B$9:$AN$38,15,FALSE)),"",VLOOKUP($B9,الاجتياز!$B$9:$AN$38,15,FALSE))) | R9: =IF(ISBLANK($B9),"",IF(ISBLANK(VLOOKUP($B9,الاجتياز!$B$9:$AN$38,16,FALSE)),"",VLOOKUP($B9,الاجتياز!$B$9:$AN$38,16,FALSE))) | S9: =IF(ISBLANK($B9),"",IF(ISBLANK(VLOOKUP($B9,الاجتياز!$B$9:$AN$38,20,FALSE)),"",VLOOKUP($B9,الاجتياز!$B$9:$AN$38,20,FALSE))) | T9: =IF(ISBLANK($B9),"",IF(ISBLANK(VLOOKUP($B9,الاجتياز!$B$9:$AN$38,21,FALSE)),"",VLOOKUP($B9,الاجتياز!$B$9:$AN$38,21,FALSE))) | U9: =IF(ISBLANK($B9),"",IF(ISBLANK(VLOOKUP($B9,الاجتياز!$B$9:$AN$38,22,FALSE)),"",VLOOKUP($B9,الاجتياز!$B$9:$AN$38,22,FALSE))) | V9: =IF(ISBLANK($B9),"",IF(ISBLANK(VLOOKUP($B9,الاجتياز!$B$9:$AN$38,18,FALSE)),"",VLOOKUP($B9,الاجتياز!$B$9:$AN$38,18,FALSE))) | W9: =IF(ISBLANK($B9),"",IF(ISBLANK(VLOOKUP($B9,الاجتياز!$B$9:$AN$38,39,FALSE)),"",VLOOKUP($B9,الاجتياز!$B$9:$AN$38,39,FALSE)))
B10: المجموع | C10: =SUM(C8:C9) -> 0 | D10: *** | E10: =SUM(#REF!) -> #REF! | F10: =SUM(#REF!) -> #REF! | G10: =SUM(G8:G9) -> 0 | H10: =SUM(H8:H9) -> 0 | I10: =SUM(I8:I9) -> 0 | J10: =SUM(J8:J9) -> 0 | K10: =SUM(K8:K9) -> 0 | L10: =SUM(L8:L9) -> 0 | M10: =SUM(M8:M9) -> 0 | N10: =SUM(#REF!) -> #REF! | O10: =SUM(#REF!) -> #REF! | P10: =SUM(P8:P9) -> 0 | Q10: =SUM(Q8:Q9) -> 0 | R10: =SUM(R8:R9) -> 0 | S10: =SUM(S8:S9) -> 0 | T10: =SUM(T8:T9) -> 0 | U10: =SUM(U8:U9) -> 0 | V10: =SUM(V8:V9) -> 0 | W10: *******
E11: =+G10+J10+M10 -> 0 | Q11: =Q10+R10 -> 0
B14: • الحـــدود البرية:
B16: الأقاليم | C16: عدد العمليات | D16: مكان انطلاق العملية | E16: عدد محاولي الاجتياز | Q16: عدد المنظمين | R16: عدد الوسطاء | S16: عدد المنظمين و الوسطاء مفتش عنهم | T16: عدد المفتش عنهم في قضايا حق عام | U16: عدد العناصر السلفية | V16: عدد الاطراف الامنية المورطة | W16: المحجوز
E17: تونسيين ذكور | F17: تونسيين اناث | G17: تونسيين | H17: افارقة ذكور | I17: افارقة اناث | J17: أفارقة | K17: جنسيات أخرى ذكور | L17: جنسيات أخرى اناث | M17: جنسيات مختلفة | N17: الموقوفين تونسيين | O17: الموقوفين أجانب | P17: عدد الإيقافات
B18: الكاف | C18: =IF(ISBLANK($B18),"",IF(ISBLANK(VLOOKUP($B18,الاجتياز!$B$53:$AN$82,2,FALSE)),"",VLOOKUP($B18,الاجتياز!$B$53:$AN$82,2,FALSE))) -> 1 | D18: =IF(ISBLANK($B18),"",IF(ISBLANK(VLOOKUP($B18,الاجتياز!$B$53:$AN$82,3,FALSE)),"",VLOOKUP($B18,الاجتياز!$B$53:$AN$82,3,FALSE))) -> قلعة سنان | E18: =IF(ISBLANK($B18),"",IF(ISBLANK(VLOOKUP($B18,الاجتياز!$B$53:$AN$82,4,FALSE)),"",VLOOKUP($B18,الاجتياز!$B$53:$AN$82,4,FALSE))) | F18: =IF(ISBLANK($B18),"",IF(ISBLANK(VLOOKUP($B18,الاجتياز!$B$53:$AN$82,5,FALSE)),"",VLOOKUP($B18,الاجتياز!$B$53:$AN$82,5,FALSE))) | G18: =IF(SUM(E18,F18)=0,"",SUM(E18,F18)) | H18: =IF(ISBLANK($B18),"",IF(ISBLANK(VLOOKUP($B18,الاجتياز!$B$53:$AN$82,6,FALSE)),"",VLOOKUP($B18,الاجتياز!$B$53:$AN$82,6,FALSE))) | I18: =IF(ISBLANK($B18),"",IF(ISBLANK(VLOOKUP($B18,الاجتياز!$B$53:$AN$82,7,FALSE)),"",VLOOKUP($B18,الاجتياز!$B$53:$AN$82,7,FALSE))) | J18: =IF(SUM(H18,I18)=0,"",SUM(H18,I18)) | K18: =IF(ISBLANK($B18),"",IF(ISBLANK(VLOOKUP($B18,الاجتياز!$B$53:$AN$82,8,FALSE)),"",VLOOKUP($B18,الاجتياز!$B$53:$AN$82,8,FALSE))) -> 1 | L18: =IF(ISBLANK($B18),"",IF(ISBLANK(VLOOKUP($B18,الاجتياز!$B$53:$AN$82,9,FALSE)),"",VLOOKUP($B18,الاجتياز!$B$53:$AN$82,9,FALSE))) | M18: =IF(SUM(K18,L18)=0,"",SUM(K18,L18)) -> 1 | N18: =IF(ISBLANK($B18),"",IF(ISBLANK(VLOOKUP($B18,الاجتياز!$B$53:$AN$82,13,FALSE)),"",VLOOKUP($B18,الاجتياز!$B$53:$AN$82,13,FALSE))) | O18: =IF(ISBLANK($B18),"",IF(ISBLANK(VLOOKUP($B18,الاجتياز!$B$53:$AN$82,14,FALSE)),"",VLOOKUP($B18,الاجتياز!$B$53:$AN$82,14,FALSE))) -> 1 | P18: =IF(SUM(N18,O18)=0,"",SUM(N18,O18)) -> 1 | Q18: =IF(ISBLANK($B18),"",IF(ISBLANK(VLOOKUP($B18,الاجتياز!$B$53:$AN$82,15,FALSE)),"",VLOOKUP($B18,الاجتياز!$B$53:$AN$82,15,FALSE))) | R18: =IF(ISBLANK($B18),"",IF(ISBLANK(VLOOKUP($B18,الاجتياز!$B$53:$AN$82,16,FALSE)),"",VLOOKUP($B18,الاجتياز!$B$53:$AN$82,16,FALSE))) | S18: =IF(ISBLANK($B18),"",IF(ISBLANK(VLOOKUP($B18,الاجتياز!$B$53:$AN$82,20,FALSE)),"",VLOOKUP($B18,الاجتياز!$B$53:$AN$82,20,FALSE))) | T18: =IF(ISBLANK($B18),"",IF(ISBLANK(VLOOKUP($B18,الاجتياز!$B$53:$AN$82,21,FALSE)),"",VLOOKUP($B18,الاجتياز!$B$53:$AN$82,21,FALSE))) | U18: =IF(ISBLANK($B18),"",IF(ISBLANK(VLOOKUP($B18,الاجتياز!$B$53:$AN$82,22,FALSE)),"",VLOOKUP($B18,الاجتياز!$B$53:$AN$82,22,FALSE))) | V18: =IF(ISBLANK($B18),"",IF(ISBLANK(VLOOKUP($B18,الاجتياز!$B$53:$AN$82,18,FALSE)),"",VLOOKUP($B18,الاجتياز!$B$53:$AN$82,18,FALSE))) | W18: =IF(ISBLANK($B18),"",IF(ISBLANK(VLOOKUP($B18,الاجتياز!$B$53:$AN$82,39,FALSE)),"",VLOOKUP($B18,الاجتياز!$B$53:$AN$82,39,FALSE)))
B19: تطاوين | C19: =IF(ISBLANK($B19),"",IF(ISBLANK(VLOOKUP($B19,الاجتياز!$B$53:$AN$82,2,FALSE)),"",VLOOKUP($B19,الاجتياز!$B$53:$AN$82,2,FALSE))) -> 1 | D19: =IF(ISBLANK($B19),"",IF(ISBLANK(VLOOKUP($B19,الاجتياز!$B$53:$AN$82,3,FALSE)),"",VLOOKUP($B19,الاجتياز!$B$53:$AN$82,3,FALSE))) -> تطاوين | E19: =IF(ISBLANK($B19),"",IF(ISBLANK(VLOOKUP($B19,الاجتياز!$B$53:$AN$82,4,FALSE)),"",VLOOKUP($B19,الاجتياز!$B$53:$AN$82,4,FALSE))) | F19: =IF(ISBLANK($B19),"",IF(ISBLANK(VLOOKUP($B19,الاجتياز!$B$53:$AN$82,5,FALSE)),"",VLOOKUP($B19,الاجتياز!$B$53:$AN$82,5,FALSE))) | G19: =IF(SUM(E19,F19)=0,"",SUM(E19,F19)) | H19: =IF(ISBLANK($B19),"",IF(ISBLANK(VLOOKUP($B19,الاجتياز!$B$53:$AN$82,6,FALSE)),"",VLOOKUP($B19,الاجتياز!$B$53:$AN$82,6,FALSE))) | I19: =IF(ISBLANK($B19),"",IF(ISBLANK(VLOOKUP($B19,الاجتياز!$B$53:$AN$82,7,FALSE)),"",VLOOKUP($B19,الاجتياز!$B$53:$AN$82,7,FALSE))) | J19: =IF(SUM(H19,I19)=0,"",SUM(H19,I19)) | K19: =IF(ISBLANK($B19),"",IF(ISBLANK(VLOOKUP($B19,الاجتياز!$B$53:$AN$82,8,FALSE)),"",VLOOKUP($B19,الاجتياز!$B$53:$AN$82,8,FALSE))) -> 1 | L19: =IF(ISBLANK($B19),"",IF(ISBLANK(VLOOKUP($B19,الاجتياز!$B$53:$AN$82,9,FALSE)),"",VLOOKUP($B19,الاجتياز!$B$53:$AN$82,9,FALSE))) | M19: =IF(SUM(K19,L19)=0,"",SUM(K19,L19)) -> 1 | N19: =IF(ISBLANK($B19),"",IF(ISBLANK(VLOOKUP($B19,الاجتياز!$B$53:$AN$82,13,FALSE)),"",VLOOKUP($B19,الاجتياز!$B$53:$AN$82,13,FALSE))) | O19: =IF(ISBLANK($B19),"",IF(ISBLANK(VLOOKUP($B19,الاجتياز!$B$53:$AN$82,14,FALSE)),"",VLOOKUP($B19,الاجتياز!$B$53:$AN$82,14,FALSE))) -> 1 | P19: =IF(SUM(N19,O19)=0,"",SUM(N19,O19)) -> 1 | Q19: =IF(ISBLANK($B19),"",IF(ISBLANK(VLOOKUP($B19,الاجتياز!$B$53:$AN$82,15,FALSE)),"",VLOOKUP($B19,الاجتياز!$B$53:$AN$82,15,FALSE))) | R19: =IF(ISBLANK($B19),"",IF(ISBLANK(VLOOKUP($B19,الاجتياز!$B$53:$AN$82,16,FALSE)),"",VLOOKUP($B19,الاجتياز!$B$53:$AN$82,16,FALSE))) | S19: =IF(ISBLANK($B19),"",IF(ISBLANK(VLOOKUP($B19,الاجتياز!$B$53:$AN$82,20,FALSE)),"",VLOOKUP($B19,الاجتياز!$B$53:$AN$82,20,FALSE))) | T19: =IF(ISBLANK($B19),"",IF(ISBLANK(VLOOKUP($B19,الاجتياز!$B$53:$AN$82,21,FALSE)),"",VLOOKUP($B19,الاجتياز!$B$53:$AN$82,21,FALSE))) | U19: =IF(ISBLANK($B19),"",IF(ISBLANK(VLOOKUP($B19,الاجتياز!$B$53:$AN$82,22,FALSE)),"",VLOOKUP($B19,الاجتياز!$B$53:$AN$82,22,FALSE))) | V19: =IF(ISBLANK($B19),"",IF(ISBLANK(VLOOKUP($B19,الاجتياز!$B$53:$AN$82,18,FALSE)),"",VLOOKUP($B19,الاجتياز!$B$53:$AN$82,18,FALSE))) | W19: =IF(ISBLANK($B19),"",IF(ISBLANK(VLOOKUP($B19,الاجتياز!$B$53:$AN$82,39,FALSE)),"",VLOOKUP($B19,الاجتياز!$B$53:$AN$82,39,FALSE)))
B20: صفاقس | C20: =IF(ISBLANK($B20),"",IF(ISBLANK(VLOOKUP($B20,الاجتياز!$B$53:$AN$82,2,FALSE)),"",VLOOKUP($B20,الاجتياز!$B$53:$AN$82,2,FALSE))) | D20: =IF(ISBLANK($B20),"",IF(ISBLANK(VLOOKUP($B20,الاجتياز!$B$53:$AN$82,3,FALSE)),"",VLOOKUP($B20,الاجتياز!$B$53:$AN$82,3,FALSE))) -> العامرة | E20: =IF(ISBLANK($B20),"",IF(ISBLANK(VLOOKUP($B20,الاجتياز!$B$53:$AN$82,4,FALSE)),"",VLOOKUP($B20,الاجتياز!$B$53:$AN$82,4,FALSE))) | F20: =IF(ISBLANK($B20),"",IF(ISBLANK(VLOOKUP($B20,الاجتياز!$B$53:$AN$82,5,FALSE)),"",VLOOKUP($B20,الاجتياز!$B$53:$AN$82,5,FALSE))) | G20: =IF(SUM(E20,F20)=0,"",SUM(E20,F20)) | H20: =IF(ISBLANK($B20),"",IF(ISBLANK(VLOOKUP($B20,الاجتياز!$B$53:$AN$82,6,FALSE)),"",VLOOKUP($B20,الاجتياز!$B$53:$AN$82,6,FALSE))) | I20: =IF(ISBLANK($B20),"",IF(ISBLANK(VLOOKUP($B20,الاجتياز!$B$53:$AN$82,7,FALSE)),"",VLOOKUP($B20,الاجتياز!$B$53:$AN$82,7,FALSE))) | J20: =IF(SUM(H20,I20)=0,"",SUM(H20,I20)) | K20: =IF(ISBLANK($B20),"",IF(ISBLANK(VLOOKUP($B20,الاجتياز!$B$53:$AN$82,8,FALSE)),"",VLOOKUP($B20,الاجتياز!$B$53:$AN$82,8,FALSE))) | L20: =IF(ISBLANK($B20),"",IF(ISBLANK(VLOOKUP($B20,الاجتياز!$B$53:$AN$82,9,FALSE)),"",VLOOKUP($B20,الاجتياز!$B$53:$AN$82,9,FALSE))) | M20: =IF(SUM(K20,L20)=0,"",SUM(K20,L20)) | N20: =IF(ISBLANK($B20),"",IF(ISBLANK(VLOOKUP($B20,الاجتياز!$B$53:$AN$82,13,FALSE)),"",VLOOKUP($B20,الاجتياز!$B$53:$AN$82,13,FALSE))) | O20: =IF(ISBLANK($B20),"",IF(ISBLANK(VLOOKUP($B20,الاجتياز!$B$53:$AN$82,14,FALSE)),"",VLOOKUP($B20,الاجتياز!$B$53:$AN$82,14,FALSE))) | P20: =IF(SUM(N20,O20)=0,"",SUM(N20,O20)) | Q20: =IF(ISBLANK($B20),"",IF(ISBLANK(VLOOKUP($B20,الاجتياز!$B$53:$AN$82,15,FALSE)),"",VLOOKUP($B20,الاجتياز!$B$53:$AN$82,15,FALSE))) | R20: =IF(ISBLANK($B20),"",IF(ISBLANK(VLOOKUP($B20,الاجتياز!$B$53:$AN$82,16,FALSE)),"",VLOOKUP($B20,الاجتياز!$B$53:$AN$82,16,FALSE))) -> 1 | S20: =IF(ISBLANK($B20),"",IF(ISBLANK(VLOOKUP($B20,الاجتياز!$B$53:$AN$82,20,FALSE)),"",VLOOKUP($B20,الاجتياز!$B$53:$AN$82,20,FALSE))) | T20: =IF(ISBLANK($B20),"",IF(ISBLANK(VLOOKUP($B20,الاجتياز!$B$53:$AN$82,21,FALSE)),"",VLOOKUP($B20,الاجتياز!$B$53:$AN$82,21,FALSE))) | U20: =IF(ISBLANK($B20),"",IF(ISBLANK(VLOOKUP($B20,الاجتياز!$B$53:$AN$82,22,FALSE)),"",VLOOKUP($B20,الاجتياز!$B$53:$AN$82,22,FALSE))) | V20: =IF(ISBLANK($B20),"",IF(ISBLANK(VLOOKUP($B20,الاجتياز!$B$53:$AN$82,18,FALSE)),"",VLOOKUP($B20,الاجتياز!$B$53:$AN$82,18,FALSE))) | W20: =IF(ISBLANK($B20),"",IF(ISBLANK(VLOOKUP($B20,الاجتياز!$B$53:$AN$82,39,FALSE)),"",VLOOKUP($B20,الاجتياز!$B$53:$AN$82,39,FALSE))) -> جرار فلاحي + صهريج مياه /
B21: المجموع | C21: =SUM(C18:C20) -> 2 | D21: *** | E21: =+SUM(#REF!) -> #REF! | F21: =+SUM(#REF!) -> #REF! | G21: =SUM(G18:G20) -> 0 | H21: =SUM(H18:H20) -> 0 | I21: =SUM(I18:I20) -> 0 | J21: =SUM(J18:J20) -> 0 | K21: =SUM(K18:K20) -> 2 | L21: =SUM(L18:L20) -> 0 | M21: =SUM(M18:M20) -> 2 | N21: =+SUM(#REF!) -> #REF! | O21: =+SUM(#REF!) -> #REF! | P21: =SUM(P18:P20) -> 2 | Q21: =+SUM(Q20:Q20) -> 0 | R21: 0 | S21: =+SUM(S20:S20) -> 0 | T21: =+SUM(T20:T20) -> 0 | U21: =+SUM(U20:U20) -> 0 | V21: =+SUM(V20:V20) -> 0 | W21: *******
E22: =G21+J21+M21 -> 2 | Q22: =Q21+R21 -> 0

Sheet الاجتياز
B2: وزارة الداخليـــــــة | F2: الكشف اليومي في عدد محاولي الاجتياز حسب الولايات ليوم | Q2: 2026/01/11 | S2: (الحدود البحرية)
B3: الإدارة العامة للحرس الوطني
B4: إدارة عمليات الحرس الوطني
B5: عــــد / 3931 /د
B6: الاقاليم | C6: عدد العمليات | D6: مكان انطلاق العملية | E6: عدد محاولي الاجتياز | K6: الفئة العمرية | N6: عدد الموقوفين | P6: عدد المنظمين | Q6: عدد الوسطاء | R6: معطيات حول منظم العملية | S6: الاطراف الامنية المورطة | T6: معطيات حول الأطراف الامنية | U6: منظمين و وسطاء مفتش عنهم | V6: المفتش عنهم | W6: العناصر السلفية | X6: مراكب | Y6: محركات | Z6: زورق | AA6: سيارات | AB6: شاحنة | AC6: درجات نارية | AD6: دينار تونسي | AE6: عملة أجنبية | AG6: هواتف جوالة | AH6: لتر بنزين | AI6: بوصلة | AJ6: جمازات | AK6: كاياك | AL6: ناقلة | AM6: جمازات | AN6: المحجوز
E7: تونسيين | G7: افارقة | I7: جنسيات أخرى
E8: ذكور | F8: أنثى | G8: ذكور | H8: أنثى | I8: ذكور | J8: أنثى | K8: أقل من 18 سنة | L8: بين 18و 40سنة | M8: أكثر من40 سنة | N8: تونسيين | O8: أجانب | AE8: الدولار | AF8: الأورو
B9: =بحرا!A2 -> نابل | C9: =IF(ISBLANK(VLOOKUP($B9,بحرا!$A$2:$AG$31,3,FALSE)),"",VLOOKUP($B9,بحرا!$A$2:$AG$31,3,FALSE)) | D9: =IF(ISBLANK(VLOOKUP($B9,بحرا!$A$2:$AG$31,2,FALSE)),"",VLOOKUP($B9,بحرا!$A$2:$AG$31,2,FALSE)) | E9: =IF(ISBLANK(VLOOKUP($B9,بحرا!$A$2:$AG$31,4,FALSE)),"",VLOOKUP($B9,بحرا!$A$2:$AG$31,4,FALSE)) | F9: =IF(ISBLANK(VLOOKUP($B9,بحرا!$A$2:$AG$31,5,FALSE)),"",VLOOKUP($B9,بحرا!$A$2:$AG$31,5,FALSE)) | G9: =IF(ISBLANK(VLOOKUP($B9,بحرا!$A$2:$AG$31,6,FALSE)),"",VLOOKUP($B9,بحرا!$A$2:$AG$31,6,FALSE)) | H9: =IF(ISBLANK(VLOOKUP($B9,بحرا!$A$2:$AG$31,7,FALSE)),"",VLOOKUP($B9,بحرا!$A$2:$AG$31,7,FALSE)) | I9: =IF(ISBLANK(VLOOKUP($B9,بحرا!$A$2:$AG$31,8,FALSE)),"",VLOOKUP($B9,بحرا!$A$2:$AG$31,8,FALSE)) | J9: =IF(ISBLANK(VLOOKUP($B9,بحرا!$A$2:$AG$31,9,FALSE)),"",VLOOKUP($B9,بحرا!$A$2:$AG$31,9,FALSE)) | K9: =IF(ISBLANK(VLOOKUP($B9,بحرا!$A$2:$AG$31,10,FALSE)),"",VLOOKUP($B9,بحرا!$A$2:$AG$31,10,FALSE)) | L9: =IF(ISBLANK(VLOOKUP($B9,بحرا!$A$2:$AG$31,11,FALSE)),"",VLOOKUP($B9,بحرا!$A$2:$AG$31,11,FALSE)) | M9: =IF(ISBLANK(VLOOKUP($B9,بحرا!$A$2:$AG$31,12,FALSE)),"",VLOOKUP($B9,بحرا!$A$2:$AG$31,12,FALSE)) | N9: =IF(ISBLANK(VLOOKUP($B9,بحرا!$A$2:$AG$31,13,FALSE)),"",VLOOKUP($B9,بحرا!$A$2:$AG$31,13,FALSE)) | O9: =IF(ISBLANK(VLOOKUP($B9,بحرا!$A$2:$AG$31,14,FALSE)),"",VLOOKUP($B9,بحرا!$A$2:$AG$31,14,FALSE)) | P9: =IF(ISBLANK(VLOOKUP($B9,بحرا!$A$2:$AG$31,15,FALSE)),"",VLOOKUP($B9,بحرا!$A$2:$AG$31,15,FALSE)) | Q9: =IF(ISBLANK(VLOOKUP($B9,بحرا!$A$2:$AG$31,16,FALSE)),"",VLOOKUP($B9,بحرا!$A$2:$AG$31,16,FALSE)) | S9: =IF(ISBLANK(VLOOKUP($B9,بحرا!$A$2:$AG$31,17,FALSE)),"",VLOOKUP($B9,بحرا!$A$2:$AG$31,17,FALSE)) | U9: =IF(ISBLANK(VLOOKUP($B9,بحرا!$A$2:$AG$31,18,FALSE)),"",VLOOKUP($B9,بحرا!$A$2:$AG$31,18,FALSE)) | V9: =IF(ISBLANK(VLOOKUP($B9,بحرا!$A$2:$AG$31,19,FALSE)),"",VLOOKUP($B9,بحرا!$A$2:$AG$31,19,FALSE)) | W9: =IF(ISBLANK(VLOOKUP($B9,بحرا!$A$2:$AG$31,20,FALSE)),"",VLOOKUP($B9,بحرا!$A$2:$AG$31,20,FALSE)) | X9: =IF(ISBLANK(VLOOKUP($B9,بحرا!$A$2:$AG$31,21,FALSE)),0,VLOOKUP($B9,بحرا!$A$2:$AG$31,21,FALSE)) -> 0 | Y9: =IF(ISBLANK(VLOOKUP($B9,بحرا!$A$2:$AG$31,22,FALSE)),0,VLOOKUP($B9,بحرا!$A$2:$AG$31,22,FALSE)) -> 0 | Z9: =IF(ISBLANK(VLOOKUP($B9,بحرا!$A$2:$AG$31,23,FALSE)),0,VLOOKUP($B9,بحرا!$A$2:$AG$31,23,FALSE)) -> 0 | AA9: =IF(ISBLANK(VLOOKUP($B9,بحرا!$A$2:$AG$31,24,FALSE)),0,VLOOKUP($B9,بحرا!$A$2:$AG$31,24,FALSE)) -> 0 | AB9: =IF(ISBLANK(VLOOKUP($B9,بحرا!$A$2:$AG$31,25,FALSE)),0,VLOOKUP($B9,بحرا!$A$2:$AG$31,25,FALSE)) -> 0 | AC9: =IF(ISBLANK(VLOOKUP($B9,بحرا!$A$2:$AG$31,26,FALSE)),0,VLOOKUP($B9,بحرا!$A$2:$AG$31,26,FALSE)) -> 0 | AD9: =IF(ISBLANK(VLOOKUP($B9,بحرا!$A$2:$AJ$31,27,FALSE)),0,VLOOKUP($B9,بحرا!$A$2:$AJ$31,27,FALSE)) -> 0 | AE9: =IF(ISBLANK(VLOOKUP($B9,بحرا!$A$2:$AJ$31,28,FALSE)),0,VLOOKUP($B9,بحرا!$A$2:$AJ$31,28,FALSE)) -> 0 | AF9: =IF(ISBLANK(VLOOKUP($B9,بحرا!$A$2:$AG$31,29,FALSE)),0,VLOOKUP($B9,بحرا!$A$2:$AG$31,29,FALSE)) -> 0 | AG9: =IF(ISBLANK(VLOOKUP($B9,بحرا!$A$2:$AG$31,30,FALSE)),0,VLOOKUP($B9,بحرا!$A$2:$AG$31,30,FALSE)) -> 0 | AH9: =IF(ISBLANK(VLOOKUP($B9,بحرا!$A$2:$AG$31,31,FALSE)),0,VLOOKUP($B9,بحرا!$A$2:$AG$31,31,FALSE)) -> 0 | AI9: =IF(ISBLANK(VLOOKUP($B9,بحرا!$A$2:$AG$31,32,FALSE)),0,VLOOKUP($B9,بحرا!$A$2:$AG$31,32,FALSE)) -> 0 | AJ9: =IF(ISBLANK(VLOOKUP($B9,بحرا!$A$2:$AJ$31,33,FALSE)),0,VLOOKUP($B9,بحرا!$A$2:$AJ$31,33,FALSE)) -> 0 | AK9: =IF(ISBLANK(VLOOKUP($B9,بحرا!$A$2:$AJ$31,34,FALSE)),0,VLOOKUP($B9,بحرا!$A$2:$AJ$31,34,FALSE)) -> 0 | AL9: =IF(ISBLANK(VLOOKUP($B9,بحرا!$A$2:$AJ$31,35,FALSE)),0,VLOOKUP($B9,بحرا!$A$2:$AJ$31,35,FALSE)) -> 0 | AM9: =IF(ISBLANK(VLOOKUP($B9,بحرا!$A$2:$AJ$31,36,FALSE)),0,VLOOKUP($B9,بحرا!$A$2:$AJ$31,36,FALSE)) -> 0 | AN9: =IF(X9>0,X9 & " "& $X$6 & " / ", " ") & IF(Y9>0,Y9 & " "&$Y$6 & " / ", " ") & IF(Z9>0,Z9 & " "& $Z$6 & " / ", " ") & IF(AA9>0,AA9 & " "& $AA$6 & " / ", " ")& IF(AB9>0,AB9 & " "& $AB$6 & " / ", " ") & IF(AC9>0,AC9 & " "& $AC$6 & " / ", " ") & IF(AG9>0,AG9 & " "& $AG$6 & " / ", " ") & IF(AH9>0,AH9 & " "& $AH$6 & " / ", " ") & IF(AI9>0,AI9 & " "& $AI$6 & " / ", " ") & IF(AJ9>0,AJ9 & " "& $AJ$6 & " / ", " ")& IF(AD9>0,AD9 & " "& $AD$6 & " / ", " ")& IF(AE9>0,AE9 & " "& $AE$8 & " / ", " ")& IF(AF9>0,AF9 & " "& $AF$8 & " / ", " ")& IF(AK9>0,AK9 & " "&$AK$6 & " / ", " ") & IF(AL9>0,AL9 & " "&$AL$6 & " / ", " ")& IF(AM9>0,AM9 & " "& " / ", " ")
B10: =بحرا!A3 -> مدنين | C10: =IF(ISBLANK(VLOOKUP($B10,بحرا!$A$2:$AG$31,3,FALSE)),"",VLOOKUP($B10,بحرا!$A$2:$AG$31,3,FALSE)) | D10: =IF(ISBLANK(VLOOKUP($B10,بحرا!$A$2:$AG$31,2,FALSE)),"",VLOOKUP($B10,بحرا!$A$2:$AG$31,2,FALSE)) | E10: =IF(ISBLANK(VLOOKUP($B10,بحرا!$A$2:$AG$31,4,FALSE)),"",VLOOKUP($B10,بحرا!$A$2:$AG$31,4,FALSE)) | F10: =IF(ISBLANK(VLOOKUP($B10,بحرا!$A$2:$AG$31,5,FALSE)),"",VLOOKUP($B10,بحرا!$A$2:$AG$31,5,FALSE)) | G10: =IF(ISBLANK(VLOOKUP($B10,بحرا!$A$2:$AG$31,6,FALSE)),"",VLOOKUP($B10,بحرا!$A$2:$AG$31,6,FALSE)) | H10: =IF(ISBLANK(VLOOKUP($B10,بحرا!$A$2:$AG$31,7,FALSE)),"",VLOOKUP($B10,بحرا!$A$2:$AG$31,7,FALSE)) | I10: =IF(ISBLANK(VLOOKUP($B10,بحرا!$A$2:$AG$31,8,FALSE)),"",VLOOKUP($B10,بحرا!$A$2:$AG$31,8,FALSE)) | J10: =IF(ISBLANK(VLOOKUP($B10,بحرا!$A$2:$AG$31,9,FALSE)),"",VLOOKUP($B10,بحرا!$A$2:$AG$31,9,FALSE)) | K10: =IF(ISBLANK(VLOOKUP($B10,بحرا!$A$2:$AG$31,10,FALSE)),"",VLOOKUP($B10,بحرا!$A$2:$AG$31,10,FALSE)) | L10: =IF(ISBLANK(VLOOKUP($B10,بحرا!$A$2:$AG$31,11,FALSE)),"",VLOOKUP($B10,بحرا!$A$2:$AG$31,11,FALSE)) | M10: =IF(ISBLANK(VLOOKUP($B10,بحرا!$A$2:$AG$31,12,FALSE)),"",VLOOKUP($B10,بحرا!$A$2:$AG$31,12,FALSE)) | N10: =IF(ISBLANK(VLOOKUP($B10,بحرا!$A$2:$AG$31,13,FALSE)),"",VLOOKUP($B10,بحرا!$A$2:$AG$31,13,FALSE)) | O10: =IF(ISBLANK(VLOOKUP($B10,بحرا!$A$2:$AG$31,14,FALSE)),"",VLOOKUP($B10,بحرا!$A$2:$AG$31,14,FALSE)) | P10: =IF(ISBLANK(VLOOKUP($B10,بحرا!$A$2:$AG$31,15,FALSE)),"",VLOOKUP($B10,بحرا!$A$2:$AG$31,15,FALSE)) | Q10: =IF(ISBLANK(VLOOKUP($B10,بحرا!$A$2:$AG$31,16,FALSE)),"",VLOOKUP($B10,بحرا!$A$2:$AG$31,16,FALSE)) | S10: =IF(ISBLANK(VLOOKUP($B10,بحرا!$A$2:$AG$31,17,FALSE)),"",VLOOKUP($B10,بحرا!$A$2:$AG$31,17,FALSE)) | U10: =IF(ISBLANK(VLOOKUP($B10,بحرا!$A$2:$AG$31,18,FALSE)),"",VLOOKUP($B10,بحرا!$A$2:$AG$31,18,FALSE)) | V10: =IF(ISBLANK(VLOOKUP($B10,بحرا!$A$2:$AG$31,19,FALSE)),"",VLOOKUP($B10,بحرا!$A$2:$AG$31,19,FALSE)) | W10: =IF(ISBLANK(VLOOKUP($B10,بحرا!$A$2:$AG$31,20,FALSE)),"",VLOOKUP($B10,بحرا!$A$2:$AG$31,20,FALSE)) | X10: =IF(ISBLANK(VLOOKUP($B10,بحرا!$A$2:$AG$31,21,FALSE)),0,VLOOKUP($B10,بحرا!$A$2:$AG$31,21,FALSE)) -> 0 | Y10: =IF(ISBLANK(VLOOKUP($B10,بحرا!$A$2:$AG$31,22,FALSE)),0,VLOOKUP($B10,بحرا!$A$2:$AG$31,22,FALSE)) -> 0 | Z10: =IF(ISBLANK(VLOOKUP($B10,بحرا!$A$2:$AG$31,23,FALSE)),0,VLOOKUP($B10,بحرا!$A$2:$AG$31,23,FALSE)) -> 0 | AA10: =IF(ISBLANK(VLOOKUP($B10,بحرا!$A$2:$AG$31,24,FALSE)),0,VLOOKUP($B10,بحرا!$A$2:$AG$31,24,FALSE)) -> 0 | AB10: =IF(ISBLANK(VLOOKUP($B10,بحرا!$A$2:$AG$31,25,FALSE)),0,VLOOKUP($B10,بحرا!$A$2:$AG$31,25,FALSE)) -> 0 | AC10: =IF(ISBLANK(VLOOKUP($B10,بحرا!$A$2:$AG$31,26,FALSE)),0,VLOOKUP($B10,بحرا!$A$2:$AG$31,26,FALSE)) -> 0 | AD10: =IF(ISBLANK(VLOOKUP($B10,بحرا!$A$2:$AJ$31,27,FALSE)),0,VLOOKUP($B10,بحرا!$A$2:$AJ$31,27,FALSE)) -> 0 | AE10: =IF(ISBLANK(VLOOKUP($B10,بحرا!$A$2:$AJ$31,28,FALSE)),0,VLOOKUP($B10,بحرا!$A$2:$AJ$31,28,FALSE)) -> 0 | AF10: =IF(ISBLANK(VLOOKUP($B10,بحرا!$A$2:$AG$31,29,FALSE)),0,VLOOKUP($B10,بحرا!$A$2:$AG$31,29,FALSE)) -> 0 | AG10: =IF(ISBLANK(VLOOKUP($B10,بحرا!$A$2:$AG$31,30,FALSE)),0,VLOOKUP($B10,بحرا!$A$2:$AG$31,30,FALSE)) -> 0 | AH10: =IF(ISBLANK(VLOOKUP($B10,بحرا!$A$2:$AG$31,31,FALSE)),0,VLOOKUP($B10,بحرا!$A$2:$AG$31,31,FALSE)) -> 0 | AI10: =IF(ISBLANK(VLOOKUP($B10,بحرا!$A$2:$AG$31,32,FALSE)),0,VLOOKUP($B10,بحرا!$A$2:$AG$31,32,FALSE)) -> 0 | AJ10: =IF(ISBLANK(VLOOKUP($B10,بحرا!$A$2:$AJ$31,33,FALSE)),0,VLOOKUP($B10,بحرا!$A$2:$AJ$31,33,FALSE)) -> 0 | AK10: =IF(ISBLANK(VLOOKUP($B10,بحرا!$A$2:$AJ$31,34,FALSE)),0,VLOOKUP($B10,بحرا!$A$2:$AJ$31,34,FALSE)) -> 0 | AL10: =IF(ISBLANK(VLOOKUP($B10,بحرا!$A$2:$AJ$31,35,FALSE)),0,VLOOKUP($B10,بحرا!$A$2:$AJ$31,35,FALSE)) -> 0 | AM10: =IF(ISBLANK(VLOOKUP($B10,بحرا!$A$2:$AJ$31,36,FALSE)),0,VLOOKUP($B10,بحرا!$A$2:$AJ$31,36,FALSE)) -> 0 | AN10: =IF(X10>0,X10 & " "& $X$6 & " / ", " ") & IF(Y10>0,Y10 & " "&$Y$6 & " / ", " ") & IF(Z10>0,Z10 & " "& $Z$6 & " / ", " ") & IF(AA10>0,AA10 & " "& $AA$6 & " / ", " ")& IF(AB10>0,AB10 & " "& $AB$6 & " / ", " ") & IF(AC10>0,AC10 & " "& $AC$6 & " / ", " ") & IF(AG10>0,AG10 & " "& $AG$6 & " / ", " ") & IF(AH10>0,AH10 & " "& $AH$6 & " / ", " ") & IF(AI10>0,AI10 & " "& $AI$6 & " / ", " ") & IF(AJ10>0,AJ10 & " "& $AJ$6 & " / ", " ")& IF(AD10>0,AD10 & " "& $AD$6 & " / ", " ")& IF(AE10>0,AE10 & " "& $AE$8 & " / ", " ")& IF(AF10>0,AF10 & " "& $AF$8 & " / ", " ")& IF(AK10>0,AK10 & " "&$AK$6 & " / ", " ") & IF(AL10>0,AL10 & " "&$AL$6 & " / ", " ")& IF(AM10>0,AM10 & " "& " / ", " ")
B11: =بحرا!A4 -> قفصة | C11: =IF(ISBLANK(VLOOKUP($B11,بحرا!$A$2:$AG$31,3,FALSE)),"",VLOOKUP($B11,بحرا!$A$2:$AG$31,3,FALSE)) | D11: =IF(ISBLANK(VLOOKUP($B11,بحرا!$A$2:$AG$31,2,FALSE)),"",VLOOKUP($B11,بحرا!$A$2:$AG$31,2,FALSE)) | E11: =IF(ISBLANK(VLOOKUP($B11,بحرا!$A$2:$AG$31,4,FALSE)),"",VLOOKUP($B11,بحرا!$A$2:$AG$31,4,FALSE)) | F11: =IF(ISBLANK(VLOOKUP($B11,بحرا!$A$2:$AG$31,5,FALSE)),"",VLOOKUP($B11,بحرا!$A$2:$AG$31,5,FALSE)) | G11: =IF(ISBLANK(VLOOKUP($B11,بحرا!$A$2:$AG$31,6,FALSE)),"",VLOOKUP($B11,بحرا!$A$2:$AG$31,6,FALSE)) | H11: =IF(ISBLANK(VLOOKUP($B11,بحرا!$A$2:$AG$31,7,FALSE)),"",VLOOKUP($B11,بحرا!$A$2:$AG$31,7,FALSE)) | I11: =IF(ISBLANK(VLOOKUP($B11,بحرا!$A$2:$AG$31,8,FALSE)),"",VLOOKUP($B11,بحرا!$A$2:$AG$31,8,FALSE)) | J11: =IF(ISBLANK(VLOOKUP($B11,بحرا!$A$2:$AG$31,9,FALSE)),"",VLOOKUP($B11,بحرا!$A$2:$AG$31,9,FALSE)) | K11: =IF(ISBLANK(VLOOKUP($B11,بحرا!$A$2:$AG$31,10,FALSE)),"",VLOOKUP($B11,بحرا!$A$2:$AG$31,10,FALSE)) | L11: =IF(ISBLANK(VLOOKUP($B11,بحرا!$A$2:$AG$31,11,FALSE)),"",VLOOKUP($B11,بحرا!$A$2:$AG$31,11,FALSE)) | M11: =IF(ISBLANK(VLOOKUP($B11,بحرا!$A$2:$AG$31,12,FALSE)),"",VLOOKUP($B11,بحرا!$A$2:$AG$31,12,FALSE)) | N11: =IF(ISBLANK(VLOOKUP($B11,بحرا!$A$2:$AG$31,13,FALSE)),"",VLOOKUP($B11,بحرا!$A$2:$AG$31,13,FALSE)) | O11: =IF(ISBLANK(VLOOKUP($B11,بحرا!$A$2:$AG$31,14,FALSE)),"",VLOOKUP($B11,بحرا!$A$2:$AG$31,14,FALSE)) | P11: =IF(ISBLANK(VLOOKUP($B11,بحرا!$A$2:$AG$31,15,FALSE)),"",VLOOKUP($B11,بحرا!$A$2:$AG$31,15,FALSE)) | Q11: =IF(ISBLANK(VLOOKUP($B11,بحرا!$A$2:$AG$31,16,FALSE)),"",VLOOKUP($B11,بحرا!$A$2:$AG$31,16,FALSE)) | S11: =IF(ISBLANK(VLOOKUP($B11,بحرا!$A$2:$AG$31,17,FALSE)),"",VLOOKUP($B11,بحرا!$A$2:$AG$31,17,FALSE)) | U11: =IF(ISBLANK(VLOOKUP($B11,بحرا!$A$2:$AG$31,18,FALSE)),"",VLOOKUP($B11,بحرا!$A$2:$AG$31,18,FALSE)) | V11: =IF(ISBLANK(VLOOKUP($B11,بحرا!$A$2:$AG$31,19,FALSE)),"",VLOOKUP($B11,بحرا!$A$2:$AG$31,19,FALSE)) | W11: =IF(ISBLANK(VLOOKUP($B11,بحرا!$A$2:$AG$31,20,FALSE)),"",VLOOKUP($B11,بحرا!$A$2:$AG$31,20,FALSE)) | X11: =IF(ISBLANK(VLOOKUP($B11,بحرا!$A$2:$AG$31,21,FALSE)),0,VLOOKUP($B11,بحرا!$A$2:$AG$31,21,FALSE)) -> 0 | Y11: =IF(ISBLANK(VLOOKUP($B11,بحرا!$A$2:$AG$31,22,FALSE)),0,VLOOKUP($B11,بحرا!$A$2:$AG$31,22,FALSE)) -> 0 | Z11: =IF(ISBLANK(VLOOKUP($B11,بحرا!$A$2:$AG$31,23,FALSE)),0,VLOOKUP($B11,بحرا!$A$2:$AG$31,23,FALSE)) -> 0 | AA11: =IF(ISBLANK(VLOOKUP($B11,بحرا!$A$2:$AG$31,24,FALSE)),0,VLOOKUP($B11,بحرا!$A$2:$AG$31,24,FALSE)) -> 0 | AB11: =IF(ISBLANK(VLOOKUP($B11,بحرا!$A$2:$AG$31,25,FALSE)),0,VLOOKUP($B11,بحرا!$A$2:$AG$31,25,FALSE)) -> 0 | AC11: =IF(ISBLANK(VLOOKUP($B11,بحرا!$A$2:$AG$31,26,FALSE)),0,VLOOKUP($B11,بحرا!$A$2:$AG$31,26,FALSE)) -> 0 | AD11: =IF(ISBLANK(VLOOKUP($B11,بحرا!$A$2:$AJ$31,27,FALSE)),0,VLOOKUP($B11,بحرا!$A$2:$AJ$31,27,FALSE)) -> 0 | AE11: =IF(ISBLANK(VLOOKUP($B11,بحرا!$A$2:$AJ$31,28,FALSE)),0,VLOOKUP($B11,بحرا!$A$2:$AJ$31,28,FALSE)) -> 0 | AF11: =IF(ISBLANK(VLOOKUP($B11,بحرا!$A$2:$AG$31,29,FALSE)),0,VLOOKUP($B11,بحرا!$A$2:$AG$31,29,FALSE)) -> 0 | AG11: =IF(ISBLANK(VLOOKUP($B11,بحرا!$A$2:$AG$31,30,FALSE)),0,VLOOKUP($B11,بحرا!$A$2:$AG$31,30,FALSE)) -> 0 | AH11: =IF(ISBLANK(VLOOKUP($B11,بحرا!$A$2:$AG$31,31,FALSE)),0,VLOOKUP($B11,بحرا!$A$2:$AG$31,31,FALSE)) -> 0 | AI11: =IF(ISBLANK(VLOOKUP($B11,بحرا!$A$2:$AG$31,32,FALSE)),0,VLOOKUP($B11,بحرا!$A$2:$AG$31,32,FALSE)) -> 0 | AJ11: =IF(ISBLANK(VLOOKUP($B11,بحرا!$A$2:$AJ$31,33,FALSE)),0,VLOOKUP($B11,بحرا!$A$2:$AJ$31,33,FALSE)) -> 0 | AK11: =IF(ISBLANK(VLOOKUP($B11,بحرا!$A$2:$AJ$31,34,FALSE)),0,VLOOKUP($B11,بحرا!$A$2:$AJ$31,34,FALSE)) -> 0 | AL11: =IF(ISBLANK(VLOOKUP($B11,بحرا!$A$2:$AJ$31,35,FALSE)),0,VLOOKUP($B11,بحرا!$A$2:$AJ$31,35,FALSE)) -> 0 | AM11: =IF(ISBLANK(VLOOKUP($B11,بحرا!$A$2:$AJ$31,36,FALSE)),0,VLOOKUP($B11,بحرا!$A$2:$AJ$31,36,FALSE)) -> 0 | AN11: =IF(X11>0,X11 & " "& $X$6 & " / ", " ") & IF(Y11>0,Y11 & " "&$Y$6 & " / ", " ") & IF(Z11>0,Z11 & " "& $Z$6 & " / ", " ") & IF(AA11>0,AA11 & " "& $AA$6 & " / ", " ")& IF(AB11>0,AB11 & " "& $AB$6 & " / ", " ") & IF(AC11>0,AC11 & " "& $AC$6 & " / ", " ") & IF(AG11>0,AG11 & " "& $AG$6 & " / ", " ") & IF(AH11>0,AH11 & " "& $AH$6 & " / ", " ") & IF(AI11>0,AI11 & " "& $AI$6 & " / ", " ") & IF(AJ11>0,AJ11 & " "& $AJ$6 & " / ", " ")& IF(AD11>0,AD11 & " "& $AD$6 & " / ", " ")& IF(AE11>0,AE11 & " "& $AE$8 & " / ", " ")& IF(AF11>0,AF11 & " "& $AF$8 & " / ", " ")& IF(AK11>0,AK11 & " "&$AK$6 & " / ", " ") & IF(AL11>0,AL11 & " "&$AL$6 & " / ", " ")& IF(AM11>0,AM11 & " "& " / ", " ")
B12: =بحرا!A5 -> قبلي | C12: =IF(ISBLANK(VLOOKUP($B12,بحرا!$A$2:$AG$31,3,FALSE)),"",VLOOKUP($B12,بحرا!$A$2:$AG$31,3,FALSE)) | D12: =IF(ISBLANK(VLOOKUP($B12,بحرا!$A$2:$AG$31,2,FALSE)),"",VLOOKUP($B12,بحرا!$A$2:$AG$31,2,FALSE)) | E12: =IF(ISBLANK(VLOOKUP($B12,بحرا!$A$2:$AG$31,4,FALSE)),"",VLOOKUP($B12,بحرا!$A$2:$AG$31,4,FALSE)) | F12: =IF(ISBLANK(VLOOKUP($B12,بحرا!$A$2:$AG$31,5,FALSE)),"",VLOOKUP($B12,بحرا!$A$2:$AG$31,5,FALSE)) | G12: =IF(ISBLANK(VLOOKUP($B12,بحرا!$A$2:$AG$31,6,FALSE)),"",VLOOKUP($B12,بحرا!$A$2:$AG$31,6,FALSE)) | H12: =IF(ISBLANK(VLOOKUP($B12,بحرا!$A$2:$AG$31,7,FALSE)),"",VLOOKUP($B12,بحرا!$A$2:$AG$31,7,FALSE)) | I12: =IF(ISBLANK(VLOOKUP($B12,بحرا!$A$2:$AG$31,8,FALSE)),"",VLOOKUP($B12,بحرا!$A$2:$AG$31,8,FALSE)) | J12: =IF(ISBLANK(VLOOKUP($B12,بحرا!$A$2:$AG$31,9,FALSE)),"",VLOOKUP($B12,بحرا!$A$2:$AG$31,9,FALSE)) | K12: =IF(ISBLANK(VLOOKUP($B12,بحرا!$A$2:$AG$31,10,FALSE)),"",VLOOKUP($B12,بحرا!$A$2:$AG$31,10,FALSE)) | L12: =IF(ISBLANK(VLOOKUP($B12,بحرا!$A$2:$AG$31,11,FALSE)),"",VLOOKUP($B12,بحرا!$A$2:$AG$31,11,FALSE)) | M12: =IF(ISBLANK(VLOOKUP($B12,بحرا!$A$2:$AG$31,12,FALSE)),"",VLOOKUP($B12,بحرا!$A$2:$AG$31,12,FALSE)) | N12: =IF(ISBLANK(VLOOKUP($B12,بحرا!$A$2:$AG$31,13,FALSE)),"",VLOOKUP($B12,بحرا!$A$2:$AG$31,13,FALSE)) | O12: =IF(ISBLANK(VLOOKUP($B12,بحرا!$A$2:$AG$31,14,FALSE)),"",VLOOKUP($B12,بحرا!$A$2:$AG$31,14,FALSE)) | P12: =IF(ISBLANK(VLOOKUP($B12,بحرا!$A$2:$AG$31,15,FALSE)),"",VLOOKUP($B12,بحرا!$A$2:$AG$31,15,FALSE)) | Q12: =IF(ISBLANK(VLOOKUP($B12,بحرا!$A$2:$AG$31,16,FALSE)),"",VLOOKUP($B12,بحرا!$A$2:$AG$31,16,FALSE)) | S12: =IF(ISBLANK(VLOOKUP($B12,بحرا!$A$2:$AG$31,17,FALSE)),"",VLOOKUP($B12,بحرا!$A$2:$AG$31,17,FALSE)) | U12: =IF(ISBLANK(VLOOKUP($B12,بحرا!$A$2:$AG$31,18,FALSE)),"",VLOOKUP($B12,بحرا!$A$2:$AG$31,18,FALSE)) | V12: =IF(ISBLANK(VLOOKUP($B12,بحرا!$A$2:$AG$31,19,FALSE)),"",VLOOKUP($B12,بحرا!$A$2:$AG$31,19,FALSE)) | W12: =IF(ISBLANK(VLOOKUP($B12,بحرا!$A$2:$AG$31,20,FALSE)),"",VLOOKUP($B12,بحرا!$A$2:$AG$31,20,FALSE)) | X12: =IF(ISBLANK(VLOOKUP($B12,بحرا!$A$2:$AG$31,21,FALSE)),0,VLOOKUP($B12,بحرا!$A$2:$AG$31,21,FALSE)) -> 0 | Y12: =IF(ISBLANK(VLOOKUP($B12,بحرا!$A$2:$AG$31,22,FALSE)),0,VLOOKUP($B12,بحرا!$A$2:$AG$31,22,FALSE)) -> 0 | Z12: =IF(ISBLANK(VLOOKUP($B12,بحرا!$A$2:$AG$31,23,FALSE)),0,VLOOKUP($B12,بحرا!$A$2:$AG$31,23,FALSE)) -> 0 | AA12: =IF(ISBLANK(VLOOKUP($B12,بحرا!$A$2:$AG$31,24,FALSE)),0,VLOOKUP($B12,بحرا!$A$2:$AG$31,24,FALSE)) -> 0 | AB12: =IF(ISBLANK(VLOOKUP($B12,بحرا!$A$2:$AG$31,25,FALSE)),0,VLOOKUP($B12,بحرا!$A$2:$AG$31,25,FALSE)) -> 0 | AC12: =IF(ISBLANK(VLOOKUP($B12,بحرا!$A$2:$AG$31,26,FALSE)),0,VLOOKUP($B12,بحرا!$A$2:$AG$31,26,FALSE)) -> 0 | AD12: =IF(ISBLANK(VLOOKUP($B12,بحرا!$A$2:$AJ$31,27,FALSE)),0,VLOOKUP($B12,بحرا!$A$2:$AJ$31,27,FALSE)) -> 0 | AE12: =IF(ISBLANK(VLOOKUP($B12,بحرا!$A$2:$AJ$31,28,FALSE)),0,VLOOKUP($B12,بحرا!$A$2:$AJ$31,28,FALSE)) -> 0 | AF12: =IF(ISBLANK(VLOOKUP($B12,بحرا!$A$2:$AG$31,29,FALSE)),0,VLOOKUP($B12,بحرا!$A$2:$AG$31,29,FALSE)) -> 0 | AG12: =IF(ISBLANK(VLOOKUP($B12,بحرا!$A$2:$AG$31,30,FALSE)),0,VLOOKUP($B12,بحرا!$A$2:$AG$31,30,FALSE)) -> 0 | AH12: =IF(ISBLANK(VLOOKUP($B12,بحرا!$A$2:$AG$31,31,FALSE)),0,VLOOKUP($B12,بحرا!$A$2:$AG$31,31,FALSE)) -> 0 | AI12: =IF(ISBLANK(VLOOKUP($B12,بحرا!$A$2:$AG$31,32,FALSE)),0,VLOOKUP($B12,بحرا!$A$2:$AG$31,32,FALSE)) -> 0 | AJ12: =IF(ISBLANK(VLOOKUP($B12,بحرا!$A$2:$AJ$31,33,FALSE)),0,VLOOKUP($B12,بحرا!$A$2:$AJ$31,33,FALSE)) -> 0 | AK12: =IF(ISBLANK(VLOOKUP($B12,بحرا!$A$2:$AJ$31,34,FALSE)),0,VLOOKUP($B12,بحرا!$A$2:$AJ$31,34,FALSE)) -> 0 | AL12: =IF(ISBLANK(VLOOKUP($B12,بحرا!$A$2:$AJ$31,35,FALSE)),0,VLOOKUP($B12,بحرا!$A$2:$AJ$31,35,FALSE)) -> 0 | AM12: =IF(ISBLANK(VLOOKUP($B12,بحرا!$A$2:$AJ$31,36,FALSE)),0,VLOOKUP($B12,بحرا!$A$2:$AJ$31,36,FALSE)) -> 0 | AN12: =IF(X12>0,X12 & " "& $X$6 & " / ", " ") & IF(Y12>0,Y12 & " "&$Y$6 & " / ", " ") & IF(Z12>0,Z12 & " "& $Z$6 & " / ", " ") & IF(AA12>0,AA12 & " "& $AA$6 & " / ", " ")& IF(AB12>0,AB12 & " "& $AB$6 & " / ", " ") & IF(AC12>0,AC12 & " "& $AC$6 & " / ", " ") & IF(AG12>0,AG12 & " "& $AG$6 & " / ", " ") & IF(AH12>0,AH12 & " "& $AH$6 & " / ", " ") & IF(AI12>0,AI12 & " "& $AI$6 & " / ", " ") & IF(AJ12>0,AJ12 & " "& $AJ$6 & " / ", " ")& IF(AD12>0,AD12 & " "& $AD$6 & " / ", " ")& IF(AE12>0,AE12 & " "& $AE$8 & " / ", " ")& IF(AF12>0,AF12 & " "& $AF$8 & " / ", " ")& IF(AK12>0,AK12 & " "&$AK$6 & " / ", " ") & IF(AL12>0,AL12 & " "&$AL$6 & " / ", " ")& IF(AM12>0,AM12 & " "& " / ", " ")
B13: =بحرا!A6 -> قابس | C13: =IF(ISBLANK(VLOOKUP($B13,بحرا!$A$2:$AG$31,3,FALSE)),"",VLOOKUP($B13,بحرا!$A$2:$AG$31,3,FALSE)) | D13: =IF(ISBLANK(VLOOKUP($B13,بحرا!$A$2:$AG$31,2,FALSE)),"",VLOOKUP($B13,بحرا!$A$2:$AG$31,2,FALSE)) | E13: =IF(ISBLANK(VLOOKUP($B13,بحرا!$A$2:$AG$31,4,FALSE)),"",VLOOKUP($B13,بحرا!$A$2:$AG$31,4,FALSE)) | F13: =IF(ISBLANK(VLOOKUP($B13,بحرا!$A$2:$AG$31,5,FALSE)),"",VLOOKUP($B13,بحرا!$A$2:$AG$31,5,FALSE)) | G13: =IF(ISBLANK(VLOOKUP($B13,بحرا!$A$2:$AG$31,6,FALSE)),"",VLOOKUP($B13,بحرا!$A$2:$AG$31,6,FALSE)) | H13: =IF(ISBLANK(VLOOKUP($B13,بحرا!$A$2:$AG$31,7,FALSE)),"",VLOOKUP($B13,بحرا!$A$2:$AG$31,7,FALSE)) | I13: =IF(ISBLANK(VLOOKUP($B13,بحرا!$A$2:$AG$31,8,FALSE)),"",VLOOKUP($B13,بحرا!$A$2:$AG$31,8,FALSE)) | J13: =IF(ISBLANK(VLOOKUP($B13,بحرا!$A$2:$AG$31,9,FALSE)),"",VLOOKUP($B13,بحرا!$A$2:$AG$31,9,FALSE)) | K13: =IF(ISBLANK(VLOOKUP($B13,بحرا!$A$2:$AG$31,10,FALSE)),"",VLOOKUP($B13,بحرا!$A$2:$AG$31,10,FALSE)) | L13: =IF(ISBLANK(VLOOKUP($B13,بحرا!$A$2:$AG$31,11,FALSE)),"",VLOOKUP($B13,بحرا!$A$2:$AG$31,11,FALSE)) | M13: =IF(ISBLANK(VLOOKUP($B13,بحرا!$A$2:$AG$31,12,FALSE)),"",VLOOKUP($B13,بحرا!$A$2:$AG$31,12,FALSE)) | N13: =IF(ISBLANK(VLOOKUP($B13,بحرا!$A$2:$AG$31,13,FALSE)),"",VLOOKUP($B13,بحرا!$A$2:$AG$31,13,FALSE)) | O13: =IF(ISBLANK(VLOOKUP($B13,بحرا!$A$2:$AG$31,14,FALSE)),"",VLOOKUP($B13,بحرا!$A$2:$AG$31,14,FALSE)) | P13: =IF(ISBLANK(VLOOKUP($B13,بحرا!$A$2:$AG$31,15,FALSE)),"",VLOOKUP($B13,بحرا!$A$2:$AG$31,15,FALSE)) | Q13: =IF(ISBLANK(VLOOKUP($B13,بحرا!$A$2:$AG$31,16,FALSE)),"",VLOOKUP($B13,بحرا!$A$2:$AG$31,16,FALSE)) | S13: =IF(ISBLANK(VLOOKUP($B13,بحرا!$A$2:$AG$31,17,FALSE)),"",VLOOKUP($B13,بحرا!$A$2:$AG$31,17,FALSE)) | U13: =IF(ISBLANK(VLOOKUP($B13,بحرا!$A$2:$AG$31,18,FALSE)),"",VLOOKUP($B13,بحرا!$A$2:$AG$31,18,FALSE)) | V13: =IF(ISBLANK(VLOOKUP($B13,بحرا!$A$2:$AG$31,19,FALSE)),"",VLOOKUP($B13,بحرا!$A$2:$AG$31,19,FALSE)) | W13: =IF(ISBLANK(VLOOKUP($B13,بحرا!$A$2:$AG$31,20,FALSE)),"",VLOOKUP($B13,بحرا!$A$2:$AG$31,20,FALSE)) | X13: =IF(ISBLANK(VLOOKUP($B13,بحرا!$A$2:$AG$31,21,FALSE)),0,VLOOKUP($B13,بحرا!$A$2:$AG$31,21,FALSE)) -> 0 | Y13: =IF(ISBLANK(VLOOKUP($B13,بحرا!$A$2:$AG$31,22,FALSE)),0,VLOOKUP($B13,بحرا!$A$2:$AG$31,22,FALSE)) -> 0 | Z13: =IF(ISBLANK(VLOOKUP($B13,بحرا!$A$2:$AG$31,23,FALSE)),0,VLOOKUP($B13,بحرا!$A$2:$AG$31,23,FALSE)) -> 0 | AA13: =IF(ISBLANK(VLOOKUP($B13,بحرا!$A$2:$AG$31,24,FALSE)),0,VLOOKUP($B13,بحرا!$A$2:$AG$31,24,FALSE)) -> 0 | AB13: =IF(ISBLANK(VLOOKUP($B13,بحرا!$A$2:$AG$31,25,FALSE)),0,VLOOKUP($B13,بحرا!$A$2:$AG$31,25,FALSE)) -> 0 | AC13: =IF(ISBLANK(VLOOKUP($B13,بحرا!$A$2:$AG$31,26,FALSE)),0,VLOOKUP($B13,بحرا!$A$2:$AG$31,26,FALSE)) -> 0 | AD13: =IF(ISBLANK(VLOOKUP($B13,بحرا!$A$2:$AJ$31,27,FALSE)),0,VLOOKUP($B13,بحرا!$A$2:$AJ$31,27,FALSE)) -> 0 | AE13: =IF(ISBLANK(VLOOKUP($B13,بحرا!$A$2:$AJ$31,28,FALSE)),0,VLOOKUP($B13,بحرا!$A$2:$AJ$31,28,FALSE)) -> 0 | AF13: =IF(ISBLANK(VLOOKUP($B13,بحرا!$A$2:$AG$31,29,FALSE)),0,VLOOKUP($B13,بحرا!$A$2:$AG$31,29,FALSE)) -> 0 | AG13: =IF(ISBLANK(VLOOKUP($B13,بحرا!$A$2:$AG$31,30,FALSE)),0,VLOOKUP($B13,بحرا!$A$2:$AG$31,30,FALSE)) -> 0 | AH13: =IF(ISBLANK(VLOOKUP($B13,بحرا!$A$2:$AG$31,31,FALSE)),0,VLOOKUP($B13,بحرا!$A$2:$AG$31,31,FALSE)) -> 0 | AI13: =IF(ISBLANK(VLOOKUP($B13,بحرا!$A$2:$AG$31,32,FALSE)),0,VLOOKUP($B13,بحرا!$A$2:$AG$31,32,FALSE)) -> 0 | AJ13: =IF(ISBLANK(VLOOKUP($B13,بحرا!$A$2:$AJ$31,33,FALSE)),0,VLOOKUP($B13,بحرا!$A$2:$AJ$31,33,FALSE)) -> 0 | AK13: =IF(ISBLANK(VLOOKUP($B13,بحرا!$A$2:$AJ$31,34,FALSE)),0,VLOOKUP($B13,بحرا!$A$2:$AJ$31,34,FALSE)) -> 0 | AL13: =IF(ISBLANK(VLOOKUP($B13,بحرا!$A$2:$AJ$31,35,FALSE)),0,VLOOKUP($B13,بحرا!$A$2:$AJ$31,35,FALSE)) -> 0 | AM13: =IF(ISBLANK(VLOOKUP($B13,بحرا!$A$2:$AJ$31,36,FALSE)),0,VLOOKUP($B13,بحرا!$A$2:$AJ$31,36,FALSE)) -> 0 | AN13: =IF(X13>0,X13 & " "& $X$6 & " / ", " ") & IF(Y13>0,Y13 & " "&$Y$6 & " / ", " ") & IF(Z13>0,Z13 & " "& $Z$6 & " / ", " ") & IF(AA13>0,AA13 & " "& $AA$6 & " / ", " ")& IF(AB13>0,AB13 & " "& $AB$6 & " / ", " ") & IF(AC13>0,AC13 & " "& $AC$6 & " / ", " ") & IF(AG13>0,AG13 & " "& $AG$6 & " / ", " ") & IF(AH13>0,AH13 & " "& $AH$6 & " / ", " ") & IF(AI13>0,AI13 & " "& $AI$6 & " / ", " ") & IF(AJ13>0,AJ13 & " "& $AJ$6 & " / ", " ")& IF(AD13>0,AD13 & " "& $AD$6 & " / ", " ")& IF(AE13>0,AE13 & " "& $AE$8 & " / ", " ")& IF(AF13>0,AF13 & " "& $AF$8 & " / ", " ")& IF(AK13>0,AK13 & " "&$AK$6 & " / ", " ") & IF(AL13>0,AL13 & " "&$AL$6 & " / ", " ")& IF(AM13>0,AM13 & " "& " / ", " ")
B14: =بحرا!A7 -> صفاقس | C14: =IF(ISBLANK(VLOOKUP($B14,بحرا!$A$2:$AG$31,3,FALSE)),"",VLOOKUP($B14,بحرا!$A$2:$AG$31,3,FALSE)) | D14: =IF(ISBLANK(VLOOKUP($B14,بحرا!$A$2:$AG$31,2,FALSE)),"",VLOOKUP($B14,بحرا!$A$2:$AG$31,2,FALSE)) | E14: =IF(ISBLANK(VLOOKUP($B14,بحرا!$A$2:$AG$31,4,FALSE)),"",VLOOKUP($B14,بحرا!$A$2:$AG$31,4,FALSE)) | F14: =IF(ISBLANK(VLOOKUP($B14,بحرا!$A$2:$AG$31,5,FALSE)),"",VLOOKUP($B14,بحرا!$A$2:$AG$31,5,FALSE)) | G14: =IF(ISBLANK(VLOOKUP($B14,بحرا!$A$2:$AG$31,6,FALSE)),"",VLOOKUP($B14,بحرا!$A$2:$AG$31,6,FALSE)) | H14: =IF(ISBLANK(VLOOKUP($B14,بحرا!$A$2:$AG$31,7,FALSE)),"",VLOOKUP($B14,بحرا!$A$2:$AG$31,7,FALSE)) | I14: =IF(ISBLANK(VLOOKUP($B14,بحرا!$A$2:$AG$31,8,FALSE)),"",VLOOKUP($B14,بحرا!$A$2:$AG$31,8,FALSE)) | J14: =IF(ISBLANK(VLOOKUP($B14,بحرا!$A$2:$AG$31,9,FALSE)),"",VLOOKUP($B14,بحرا!$A$2:$AG$31,9,FALSE)) | K14: =IF(ISBLANK(VLOOKUP($B14,بحرا!$A$2:$AG$31,10,FALSE)),"",VLOOKUP($B14,بحرا!$A$2:$AG$31,10,FALSE)) | L14: =IF(ISBLANK(VLOOKUP($B14,بحرا!$A$2:$AG$31,11,FALSE)),"",VLOOKUP($B14,بحرا!$A$2:$AG$31,11,FALSE)) | M14: =IF(ISBLANK(VLOOKUP($B14,بحرا!$A$2:$AG$31,12,FALSE)),"",VLOOKUP($B14,بحرا!$A$2:$AG$31,12,FALSE)) | N14: =IF(ISBLANK(VLOOKUP($B14,بحرا!$A$2:$AG$31,13,FALSE)),"",VLOOKUP($B14,بحرا!$A$2:$AG$31,13,FALSE)) | O14: =IF(ISBLANK(VLOOKUP($B14,بحرا!$A$2:$AG$31,14,FALSE)),"",VLOOKUP($B14,بحرا!$A$2:$AG$31,14,FALSE)) | P14: =IF(ISBLANK(VLOOKUP($B14,بحرا!$A$2:$AG$31,15,FALSE)),"",VLOOKUP($B14,بحرا!$A$2:$AG$31,15,FALSE)) | Q14: =IF(ISBLANK(VLOOKUP($B14,بحرا!$A$2:$AG$31,16,FALSE)),"",VLOOKUP($B14,بحرا!$A$2:$AG$31,16,FALSE)) | S14: =IF(ISBLANK(VLOOKUP($B14,بحرا!$A$2:$AG$31,17,FALSE)),"",VLOOKUP($B14,بحرا!$A$2:$AG$31,17,FALSE)) | U14: =IF(ISBLANK(VLOOKUP($B14,بحرا!$A$2:$AG$31,18,FALSE)),"",VLOOKUP($B14,بحرا!$A$2:$AG$31,18,FALSE)) | V14: =IF(ISBLANK(VLOOKUP($B14,بحرا!$A$2:$AG$31,19,FALSE)),"",VLOOKUP($B14,بحرا!$A$2:$AG$31,19,FALSE)) | W14: =IF(ISBLANK(VLOOKUP($B14,بحرا!$A$2:$AG$31,20,FALSE)),"",VLOOKUP($B14,بحرا!$A$2:$AG$31,20,FALSE)) | X14: =IF(ISBLANK(VLOOKUP($B14,بحرا!$A$2:$AG$31,21,FALSE)),0,VLOOKUP($B14,بحرا!$A$2:$AG$31,21,FALSE)) -> 0 | Y14: =IF(ISBLANK(VLOOKUP($B14,بحرا!$A$2:$AG$31,22,FALSE)),0,VLOOKUP($B14,بحرا!$A$2:$AG$31,22,FALSE)) -> 0 | Z14: =IF(ISBLANK(VLOOKUP($B14,بحرا!$A$2:$AG$31,23,FALSE)),0,VLOOKUP($B14,بحرا!$A$2:$AG$31,23,FALSE)) -> 0 | AA14: =IF(ISBLANK(VLOOKUP($B14,بحرا!$A$2:$AG$31,24,FALSE)),0,VLOOKUP($B14,بحرا!$A$2:$AG$31,24,FALSE)) -> 0 | AB14: =IF(ISBLANK(VLOOKUP($B14,بحرا!$A$2:$AG$31,25,FALSE)),0,VLOOKUP($B14,بحرا!$A$2:$AG$31,25,FALSE)) -> 0 | AC14: =IF(ISBLANK(VLOOKUP($B14,بحرا!$A$2:$AG$31,26,FALSE)),0,VLOOKUP($B14,بحرا!$A$2:$AG$31,26,FALSE)) -> 0 | AD14: =IF(ISBLANK(VLOOKUP($B14,بحرا!$A$2:$AJ$31,27,FALSE)),0,VLOOKUP($B14,بحرا!$A$2:$AJ$31,27,FALSE)) -> 0 | AE14: =IF(ISBLANK(VLOOKUP($B14,بحرا!$A$2:$AJ$31,28,FALSE)),0,VLOOKUP($B14,بحرا!$A$2:$AJ$31,28,FALSE)) -> 0 | AF14: =IF(ISBLANK(VLOOKUP($B14,بحرا!$A$2:$AG$31,29,FALSE)),0,VLOOKUP($B14,بحرا!$A$2:$AG$31,29,FALSE)) -> 0 | AG14: =IF(ISBLANK(VLOOKUP($B14,بحرا!$A$2:$AG$31,30,FALSE)),0,VLOOKUP($B14,بحرا!$A$2:$AG$31,30,FALSE)) -> 0 | AH14: =IF(ISBLANK(VLOOKUP($B14,بحرا!$A$2:$AG$31,31,FALSE)),0,VLOOKUP($B14,بحرا!$A$2:$AG$31,31,FALSE)) -> 0 | AI14: =IF(ISBLANK(VLOOKUP($B14,بحرا!$A$2:$AG$31,32,FALSE)),0,VLOOKUP($B14,بحرا!$A$2:$AG$31,32,FALSE)) -> 0 | AJ14: =IF(ISBLANK(VLOOKUP($B14,بحرا!$A$2:$AJ$31,33,FALSE)),0,VLOOKUP($B14,بحرا!$A$2:$AJ$31,33,FALSE)) -> 0 | AK14: =IF(ISBLANK(VLOOKUP($B14,بحرا!$A$2:$AJ$31,34,FALSE)),0,VLOOKUP($B14,بحرا!$A$2:$AJ$31,34,FALSE)) -> 0 | AL14: =IF(ISBLANK(VLOOKUP($B14,بحرا!$A$2:$AJ$31,35,FALSE)),0,VLOOKUP($B14,بحرا!$A$2:$AJ$31,35,FALSE)) -> 0 | AM14: =IF(ISBLANK(VLOOKUP($B14,بحرا!$A$2:$AJ$31,36,FALSE)),0,VLOOKUP($B14,بحرا!$A$2:$AJ$31,36,FALSE)) -> 0 | AN14: =IF(X14>0,X14 & " "& $X$6 & " / ", " ") & IF(Y14>0,Y14 & " "&$Y$6 & " / ", " ") & IF(Z14>0,Z14 & " "& $Z$6 & " / ", " ") & IF(AA14>0,AA14 & " "& $AA$6 & " / ", " ")& IF(AB14>0,AB14 & " "& $AB$6 & " / ", " ") & IF(AC14>0,AC14 & " "& $AC$6 & " / ", " ") & IF(AG14>0,AG14 & " "& $AG$6 & " / ", " ") & IF(AH14>0,AH14 & " "& $AH$6 & " / ", " ") & IF(AI14>0,AI14 & " "& $AI$6 & " / ", " ") & IF(AJ14>0,AJ14 & " "& $AJ$6 & " / ", " ")& IF(AD14>0,AD14 & " "& $AD$6 & " / ", " ")& IF(AE14>0,AE14 & " "& $AE$8 & " / ", " ")& IF(AF14>0,AF14 & " "& $AF$8 & " / ", " ")& IF(AK14>0,AK14 & " "&$AK$6 & " / ", " ") & IF(AL14>0,AL14 & " "&$AL$6 & " / ", " ")& IF(AM14>0,AM14 & " "& " / ", " ")
B15: =بحرا!A8 -> سيدي بوزيد | C15: =IF(ISBLANK(VLOOKUP($B15,بحرا!$A$2:$AG$31,3,FALSE)),"",VLOOKUP($B15,بحرا!$A$2:$AG$31,3,FALSE)) | D15: =IF(ISBLANK(VLOOKUP($B15,بحرا!$A$2:$AG$31,2,FALSE)),"",VLOOKUP($B15,بحرا!$A$2:$AG$31,2,FALSE)) | E15: =IF(ISBLANK(VLOOKUP($B15,بحرا!$A$2:$AG$31,4,FALSE)),"",VLOOKUP($B15,بحرا!$A$2:$AG$31,4,FALSE)) | F15: =IF(ISBLANK(VLOOKUP($B15,بحرا!$A$2:$AG$31,5,FALSE)),"",VLOOKUP($B15,بحرا!$A$2:$AG$31,5,FALSE)) | G15: =IF(ISBLANK(VLOOKUP($B15,بحرا!$A$2:$AG$31,6,FALSE)),"",VLOOKUP($B15,بحرا!$A$2:$AG$31,6,FALSE)) | H15: =IF(ISBLANK(VLOOKUP($B15,بحرا!$A$2:$AG$31,7,FALSE)),"",VLOOKUP($B15,بحرا!$A$2:$AG$31,7,FALSE)) | I15: =IF(ISBLANK(VLOOKUP($B15,بحرا!$A$2:$AG$31,8,FALSE)),"",VLOOKUP($B15,بحرا!$A$2:$AG$31,8,FALSE)) | J15: =IF(ISBLANK(VLOOKUP($B15,بحرا!$A$2:$AG$31,9,FALSE)),"",VLOOKUP($B15,بحرا!$A$2:$AG$31,9,FALSE)) | K15: =IF(ISBLANK(VLOOKUP($B15,بحرا!$A$2:$AG$31,10,FALSE)),"",VLOOKUP($B15,بحرا!$A$2:$AG$31,10,FALSE)) | L15: =IF(ISBLANK(VLOOKUP($B15,بحرا!$A$2:$AG$31,11,FALSE)),"",VLOOKUP($B15,بحرا!$A$2:$AG$31,11,FALSE)) | M15: =IF(ISBLANK(VLOOKUP($B15,بحرا!$A$2:$AG$31,12,FALSE)),"",VLOOKUP($B15,بحرا!$A$2:$AG$31,12,FALSE)) | N15: =IF(ISBLANK(VLOOKUP($B15,بحرا!$A$2:$AG$31,13,FALSE)),"",VLOOKUP($B15,بحرا!$A$2:$AG$31,13,FALSE)) | O15: =IF(ISBLANK(VLOOKUP($B15,بحرا!$A$2:$AG$31,14,FALSE)),"",VLOOKUP($B15,بحرا!$A$2:$AG$31,14,FALSE)) | P15: =IF(ISBLANK(VLOOKUP($B15,بحرا!$A$2:$AG$31,15,FALSE)),"",VLOOKUP($B15,بحرا!$A$2:$AG$31,15,FALSE)) | Q15: =IF(ISBLANK(VLOOKUP($B15,بحرا!$A$2:$AG$31,16,FALSE)),"",VLOOKUP($B15,بحرا!$A$2:$AG$31,16,FALSE)) | S15: =IF(ISBLANK(VLOOKUP($B15,بحرا!$A$2:$AG$31,17,FALSE)),"",VLOOKUP($B15,بحرا!$A$2:$AG$31,17,FALSE)) | U15: =IF(ISBLANK(VLOOKUP($B15,بحرا!$A$2:$AG$31,18,FALSE)),"",VLOOKUP($B15,بحرا!$A$2:$AG$31,18,FALSE)) | V15: =IF(ISBLANK(VLOOKUP($B15,بحرا!$A$2:$AG$31,19,FALSE)),"",VLOOKUP($B15,بحرا!$A$2:$AG$31,19,FALSE)) | W15: =IF(ISBLANK(VLOOKUP($B15,بحرا!$A$2:$AG$31,20,FALSE)),"",VLOOKUP($B15,بحرا!$A$2:$AG$31,20,FALSE)) | X15: =IF(ISBLANK(VLOOKUP($B15,بحرا!$A$2:$AG$31,21,FALSE)),0,VLOOKUP($B15,بحرا!$A$2:$AG$31,21,FALSE)) -> 0 | Y15: =IF(ISBLANK(VLOOKUP($B15,بحرا!$A$2:$AG$31,22,FALSE)),0,VLOOKUP($B15,بحرا!$A$2:$AG$31,22,FALSE)) -> 0 | Z15: =IF(ISBLANK(VLOOKUP($B15,بحرا!$A$2:$AG$31,23,FALSE)),0,VLOOKUP($B15,بحرا!$A$2:$AG$31,23,FALSE)) -> 0 | AA15: =IF(ISBLANK(VLOOKUP($B15,بحرا!$A$2:$AG$31,24,FALSE)),0,VLOOKUP($B15,بحرا!$A$2:$AG$31,24,FALSE)) -> 0 | AB15: =IF(ISBLANK(VLOOKUP($B15,بحرا!$A$2:$AG$31,25,FALSE)),0,VLOOKUP($B15,بحرا!$A$2:$AG$31,25,FALSE)) -> 0 | AC15: =IF(ISBLANK(VLOOKUP($B15,بحرا!$A$2:$AG$31,26,FALSE)),0,VLOOKUP($B15,بحرا!$A$2:$AG$31,26,FALSE)) -> 0 | AD15: =IF(ISBLANK(VLOOKUP($B15,بحرا!$A$2:$AJ$31,27,FALSE)),0,VLOOKUP($B15,بحرا!$A$2:$AJ$31,27,FALSE)) -> 0 | AE15: =IF(ISBLANK(VLOOKUP($B15,بحرا!$A$2:$AJ$31,28,FALSE)),0,VLOOKUP($B15,بحرا!$A$2:$AJ$31,28,FALSE)) -> 0 | AF15: =IF(ISBLANK(VLOOKUP($B15,بحرا!$A$2:$AG$31,29,FALSE)),0,VLOOKUP($B15,بحرا!$A$2:$AG$31,29,FALSE)) -> 0 | AG15: =IF(ISBLANK(VLOOKUP($B15,بحرا!$A$2:$AG$31,30,FALSE)),0,VLOOKUP($B15,بحرا!$A$2:$AG$31,30,FALSE)) -> 0 | AH15: =IF(ISBLANK(VLOOKUP($B15,بحرا!$A$2:$AG$31,31,FALSE)),0,VLOOKUP($B15,بحرا!$A$2:$AG$31,31,FALSE)) -> 0 | AI15: =IF(ISBLANK(VLOOKUP($B15,بحرا!$A$2:$AG$31,32,FALSE)),0,VLOOKUP($B15,بحرا!$A$2:$AG$31,32,FALSE)) -> 0 | AJ15: =IF(ISBLANK(VLOOKUP($B15,بحرا!$A$2:$AJ$31,33,FALSE)),0,VLOOKUP($B15,بحرا!$A$2:$AJ$31,33,FALSE)) -> 0 | AK15: =IF(ISBLANK(VLOOKUP($B15,بحرا!$A$2:$AJ$31,34,FALSE)),0,VLOOKUP($B15,بحرا!$A$2:$AJ$31,34,FALSE)) -> 0 | AL15: =IF(ISBLANK(VLOOKUP($B15,بحرا!$A$2:$AJ$31,35,FALSE)),0,VLOOKUP($B15,بحرا!$A$2:$AJ$31,35,FALSE)) -> 0 | AM15: =IF(ISBLANK(VLOOKUP($B15,بحرا!$A$2:$AJ$31,36,FALSE)),0,VLOOKUP($B15,بحرا!$A$2:$AJ$31,36,FALSE)) -> 0 | AN15: =IF(X15>0,X15 & " "& $X$6 & " / ", " ") & IF(Y15>0,Y15 & " "&$Y$6 & " / ", " ") & IF(Z15>0,Z15 & " "& $Z$6 & " / ", " ") & IF(AA15>0,AA15 & " "& $AA$6 & " / ", " ")& IF(AB15>0,AB15 & " "& $AB$6 & " / ", " ") & IF(AC15>0,AC15 & " "& $AC$6 & " / ", " ") & IF(AG15>0,AG15 & " "& $AG$6 & " / ", " ") & IF(AH15>0,AH15 & " "& $AH$6 & " / ", " ") & IF(AI15>0,AI15 & " "& $AI$6 & " / ", " ") & IF(AJ15>0,AJ15 & " "& $AJ$6 & " / ", " ")& IF(AD15>0,AD15 & " "& $AD$6 & " / ", " ")& IF(AE15>0,AE15 & " "& $AE$8 & " / ", " ")& IF(AF15>0,AF15 & " "& $AF$8 & " / ", " ")& IF(AK15>0,AK15 & " "&$AK$6 & " / ", " ") & IF(AL15>0,AL15 & " "&$AL$6 & " / ", " ")& IF(AM15>0,AM15 & " "& " / ", " ")
B16: =بحرا!A9 -> سوسة | C16: =IF(ISBLANK(VLOOKUP($B16,بحرا!$A$2:$AG$31,3,FALSE)),"",VLOOKUP($B16,بحرا!$A$2:$AG$31,3,FALSE)) | D16: =IF(ISBLANK(VLOOKUP($B16,بحرا!$A$2:$AG$31,2,FALSE)),"",VLOOKUP($B16,بحرا!$A$2:$AG$31,2,FALSE)) | E16: =IF(ISBLANK(VLOOKUP($B16,بحرا!$A$2:$AG$31,4,FALSE)),"",VLOOKUP($B16,بحرا!$A$2:$AG$31,4,FALSE)) | F16: =IF(ISBLANK(VLOOKUP($B16,بحرا!$A$2:$AG$31,5,FALSE)),"",VLOOKUP($B16,بحرا!$A$2:$AG$31,5,FALSE)) | G16: =IF(ISBLANK(VLOOKUP($B16,بحرا!$A$2:$AG$31,6,FALSE)),"",VLOOKUP($B16,بحرا!$A$2:$AG$31,6,FALSE)) | H16: =IF(ISBLANK(VLOOKUP($B16,بحرا!$A$2:$AG$31,7,FALSE)),"",VLOOKUP($B16,بحرا!$A$2:$AG$31,7,FALSE)) | I16: =IF(ISBLANK(VLOOKUP($B16,بحرا!$A$2:$AG$31,8,FALSE)),"",VLOOKUP($B16,بحرا!$A$2:$AG$31,8,FALSE)) | J16: =IF(ISBLANK(VLOOKUP($B16,بحرا!$A$2:$AG$31,9,FALSE)),"",VLOOKUP($B16,بحرا!$A$2:$AG$31,9,FALSE)) | K16: =IF(ISBLANK(VLOOKUP($B16,بحرا!$A$2:$AG$31,10,FALSE)),"",VLOOKUP($B16,بحرا!$A$2:$AG$31,10,FALSE)) | L16: =IF(ISBLANK(VLOOKUP($B16,بحرا!$A$2:$AG$31,11,FALSE)),"",VLOOKUP($B16,بحرا!$A$2:$AG$31,11,FALSE)) | M16: =IF(ISBLANK(VLOOKUP($B16,بحرا!$A$2:$AG$31,12,FALSE)),"",VLOOKUP($B16,بحرا!$A$2:$AG$31,12,FALSE)) | N16: =IF(ISBLANK(VLOOKUP($B16,بحرا!$A$2:$AG$31,13,FALSE)),"",VLOOKUP($B16,بحرا!$A$2:$AG$31,13,FALSE)) | O16: =IF(ISBLANK(VLOOKUP($B16,بحرا!$A$2:$AG$31,14,FALSE)),"",VLOOKUP($B16,بحرا!$A$2:$AG$31,14,FALSE)) | P16: =IF(ISBLANK(VLOOKUP($B16,بحرا!$A$2:$AG$31,15,FALSE)),"",VLOOKUP($B16,بحرا!$A$2:$AG$31,15,FALSE)) | Q16: =IF(ISBLANK(VLOOKUP($B16,بحرا!$A$2:$AG$31,16,FALSE)),"",VLOOKUP($B16,بحرا!$A$2:$AG$31,16,FALSE)) | S16: =IF(ISBLANK(VLOOKUP($B16,بحرا!$A$2:$AG$31,17,FALSE)),"",VLOOKUP($B16,بحرا!$A$2:$AG$31,17,FALSE)) | U16: =IF(ISBLANK(VLOOKUP($B16,بحرا!$A$2:$AG$31,18,FALSE)),"",VLOOKUP($B16,بحرا!$A$2:$AG$31,18,FALSE)) | V16: =IF(ISBLANK(VLOOKUP($B16,بحرا!$A$2:$AG$31,19,FALSE)),"",VLOOKUP($B16,بحرا!$A$2:$AG$31,19,FALSE)) | W16: =IF(ISBLANK(VLOOKUP($B16,بحرا!$A$2:$AG$31,20,FALSE)),"",VLOOKUP($B16,بحرا!$A$2:$AG$31,20,FALSE)) | X16: =IF(ISBLANK(VLOOKUP($B16,بحرا!$A$2:$AG$31,21,FALSE)),0,VLOOKUP($B16,بحرا!$A$2:$AG$31,21,FALSE)) -> 0 | Y16: =IF(ISBLANK(VLOOKUP($B16,بحرا!$A$2:$AG$31,22,FALSE)),0,VLOOKUP($B16,بحرا!$A$2:$AG$31,22,FALSE)) -> 0 | Z16: =IF(ISBLANK(VLOOKUP($B16,بحرا!$A$2:$AG$31,23,FALSE)),0,VLOOKUP($B16,بحرا!$A$2:$AG$31,23,FALSE)) -> 0 | AA16: =IF(ISBLANK(VLOOKUP($B16,بحرا!$A$2:$AG$31,24,FALSE)),0,VLOOKUP($B16,بحرا!$A$2:$AG$31,24,FALSE)) -> 0 | AB16: =IF(ISBLANK(VLOOKUP($B16,بحرا!$A$2:$AG$31,25,FALSE)),0,VLOOKUP($B16,بحرا!$A$2:$AG$31,25,FALSE)) -> 0 | AC16: =IF(ISBLANK(VLOOKUP($B16,بحرا!$A$2:$AG$31,26,FALSE)),0,VLOOKUP($B16,بحرا!$A$2:$AG$31,26,FALSE)) -> 0 | AD16: =IF(ISBLANK(VLOOKUP($B16,بحرا!$A$2:$AJ$31,27,FALSE)),0,VLOOKUP($B16,بحرا!$A$2:$AJ$31,27,FALSE)) -> 0 | AE16: =IF(ISBLANK(VLOOKUP($B16,بحرا!$A$2:$AJ$31,28,FALSE)),0,VLOOKUP($B16,بحرا!$A$2:$AJ$31,28,FALSE)) -> 0 | AF16: =IF(ISBLANK(VLOOKUP($B16,بحرا!$A$2:$AG$31,29,FALSE)),0,VLOOKUP($B16,بحرا!$A$2:$AG$31,29,FALSE)) -> 0 | AG16: =IF(ISBLANK(VLOOKUP($B16,بحرا!$A$2:$AG$31,30,FALSE)),0,VLOOKUP($B16,بحرا!$A$2:$AG$31,30,FALSE)) -> 0 | AH16: =IF(ISBLANK(VLOOKUP($B16,بحرا!$A$2:$AG$31,31,FALSE)),0,VLOOKUP($B16,بحرا!$A$2:$AG$31,31,FALSE)) -> 0 | AI16: =IF(ISBLANK(VLOOKUP($B16,بحرا!$A$2:$AG$31,32,FALSE)),0,VLOOKUP($B16,بحرا!$A$2:$AG$31,32,FALSE)) -> 0 | AJ16: =IF(ISBLANK(VLOOKUP($B16,بحرا!$A$2:$AJ$31,33,FALSE)),0,VLOOKUP($B16,بحرا!$A$2:$AJ$31,33,FALSE)) -> 0 | AK16: =IF(ISBLANK(VLOOKUP($B16,بحرا!$A$2:$AJ$31,34,FALSE)),0,VLOOKUP($B16,بحرا!$A$2:$AJ$31,34,FALSE)) -> 0 | AL16: =IF(ISBLANK(VLOOKUP($B16,بحرا!$A$2:$AJ$31,35,FALSE)),0,VLOOKUP($B16,بحرا!$A$2:$AJ$31,35,FALSE)) -> 0 | AM16: =IF(ISBLANK(VLOOKUP($B16,بحرا!$A$2:$AJ$31,36,FALSE)),0,VLOOKUP($B16,بحرا!$A$2:$AJ$31,36,FALSE)) -> 0 | AN16: =IF(X16>0,X16 & " "& $X$6 & " / ", " ") & IF(Y16>0,Y16 & " "&$Y$6 & " / ", " ") & IF(Z16>0,Z16 & " "& $Z$6 & " / ", " ") & IF(AA16>0,AA16 & " "& $AA$6 & " / ", " ")& IF(AB16>0,AB16 & " "& $AB$6 & " / ", " ") & IF(AC16>0,AC16 & " "& $AC$6 & " / ", " ") & IF(AG16>0,AG16 & " "& $AG$6 & " / ", " ") & IF(AH16>0,AH16 & " "& $AH$6 & " / ", " ") & IF(AI16>0,AI16 & " "& $AI$6 & " / ", " ") & IF(AJ16>0,AJ16 & " "& $AJ$6 & " / ", " ")& IF(AD16>0,AD16 & " "& $AD$6 & " / ", " ")& IF(AE16>0,AE16 & " "& $AE$8 & " / ", " ")& IF(AF16>0,AF16 & " "& $AF$8 & " / ", " ")& IF(AK16>0,AK16 & " "&$AK$6 & " / ", " ") & IF(AL16>0,AL16 & " "&$AL$6 & " / ", " ")& IF(AM16>0,AM16 & " "& " / ", " ")
B17: =بحرا!A10 -> سليانة | C17: =IF(ISBLANK(VLOOKUP($B17,بحرا!$A$2:$AG$31,3,FALSE)),"",VLOOKUP($B17,بحرا!$A$2:$AG$31,3,FALSE)) | D17: =IF(ISBLANK(VLOOKUP($B17,بحرا!$A$2:$AG$31,2,FALSE)),"",VLOOKUP($B17,بحرا!$A$2:$AG$31,2,FALSE)) | E17: =IF(ISBLANK(VLOOKUP($B17,بحرا!$A$2:$AG$31,4,FALSE)),"",VLOOKUP($B17,بحرا!$A$2:$AG$31,4,FALSE)) | F17: =IF(ISBLANK(VLOOKUP($B17,بحرا!$A$2:$AG$31,5,FALSE)),"",VLOOKUP($B17,بحرا!$A$2:$AG$31,5,FALSE)) | G17: =IF(ISBLANK(VLOOKUP($B17,بحرا!$A$2:$AG$31,6,FALSE)),"",VLOOKUP($B17,بحرا!$A$2:$AG$31,6,FALSE)) | H17: =IF(ISBLANK(VLOOKUP($B17,بحرا!$A$2:$AG$31,7,FALSE)),"",VLOOKUP($B17,بحرا!$A$2:$AG$31,7,FALSE)) | I17: =IF(ISBLANK(VLOOKUP($B17,بحرا!$A$2:$AG$31,8,FALSE)),"",VLOOKUP($B17,بحرا!$A$2:$AG$31,8,FALSE)) | J17: =IF(ISBLANK(VLOOKUP($B17,بحرا!$A$2:$AG$31,9,FALSE)),"",VLOOKUP($B17,بحرا!$A$2:$AG$31,9,FALSE)) | K17: =IF(ISBLANK(VLOOKUP($B17,بحرا!$A$2:$AG$31,10,FALSE)),"",VLOOKUP($B17,بحرا!$A$2:$AG$31,10,FALSE)) | L17: =IF(ISBLANK(VLOOKUP($B17,بحرا!$A$2:$AG$31,11,FALSE)),"",VLOOKUP($B17,بحرا!$A$2:$AG$31,11,FALSE)) | M17: =IF(ISBLANK(VLOOKUP($B17,بحرا!$A$2:$AG$31,12,FALSE)),"",VLOOKUP($B17,بحرا!$A$2:$AG$31,12,FALSE)) | N17: =IF(ISBLANK(VLOOKUP($B17,بحرا!$A$2:$AG$31,13,FALSE)),"",VLOOKUP($B17,بحرا!$A$2:$AG$31,13,FALSE)) | O17: =IF(ISBLANK(VLOOKUP($B17,بحرا!$A$2:$AG$31,14,FALSE)),"",VLOOKUP($B17,بحرا!$A$2:$AG$31,14,FALSE)) | P17: =IF(ISBLANK(VLOOKUP($B17,بحرا!$A$2:$AG$31,15,FALSE)),"",VLOOKUP($B17,بحرا!$A$2:$AG$31,15,FALSE)) | Q17: =IF(ISBLANK(VLOOKUP($B17,بحرا!$A$2:$AG$31,16,FALSE)),"",VLOOKUP($B17,بحرا!$A$2:$AG$31,16,FALSE)) | S17: =IF(ISBLANK(VLOOKUP($B17,بحرا!$A$2:$AG$31,17,FALSE)),"",VLOOKUP($B17,بحرا!$A$2:$AG$31,17,FALSE)) | U17: =IF(ISBLANK(VLOOKUP($B17,بحرا!$A$2:$AG$31,18,FALSE)),"",VLOOKUP($B17,بحرا!$A$2:$AG$31,18,FALSE)) | V17: =IF(ISBLANK(VLOOKUP($B17,بحرا!$A$2:$AG$31,19,FALSE)),"",VLOOKUP($B17,بحرا!$A$2:$AG$31,19,FALSE)) | W17: =IF(ISBLANK(VLOOKUP($B17,بحرا!$A$2:$AG$31,20,FALSE)),"",VLOOKUP($B17,بحرا!$A$2:$AG$31,20,FALSE)) | X17: =IF(ISBLANK(VLOOKUP($B17,بحرا!$A$2:$AG$31,21,FALSE)),0,VLOOKUP($B17,بحرا!$A$2:$AG$31,21,FALSE)) -> 0 | Y17: =IF(ISBLANK(VLOOKUP($B17,بحرا!$A$2:$AG$31,22,FALSE)),0,VLOOKUP($B17,بحرا!$A$2:$AG$31,22,FALSE)) -> 0 | Z17: =IF(ISBLANK(VLOOKUP($B17,بحرا!$A$2:$AG$31,23,FALSE)),0,VLOOKUP($B17,بحرا!$A$2:$AG$31,23,FALSE)) -> 0 | AA17: =IF(ISBLANK(VLOOKUP($B17,بحرا!$A$2:$AG$31,24,FALSE)),0,VLOOKUP($B17,بحرا!$A$2:$AG$31,24,FALSE)) -> 0 | AB17: =IF(ISBLANK(VLOOKUP($B17,بحرا!$A$2:$AG$31,25,FALSE)),0,VLOOKUP($B17,بحرا!$A$2:$AG$31,25,FALSE)) -> 0 | AC17: =IF(ISBLANK(VLOOKUP($B17,بحرا!$A$2:$AG$31,26,FALSE)),0,VLOOKUP($B17,بحرا!$A$2:$AG$31,26,FALSE)) -> 0 | AD17: =IF(ISBLANK(VLOOKUP($B17,بحرا!$A$2:$AJ$31,27,FALSE)),0,VLOOKUP($B17,بحرا!$A$2:$AJ$31,27,FALSE)) -> 0 | AE17: =IF(ISBLANK(VLOOKUP($B17,بحرا!$A$2:$AJ$31,28,FALSE)),0,VLOOKUP($B17,بحرا!$A$2:$AJ$31,28,FALSE)) -> 0 | AF17: =IF(ISBLANK(VLOOKUP($B17,بحرا!$A$2:$AG$31,29,FALSE)),0,VLOOKUP($B17,بحرا!$A$2:$AG$31,29,FALSE)) -> 0 | AG17: =IF(ISBLANK(VLOOKUP($B17,بحرا!$A$2:$AG$31,30,FALSE)),0,VLOOKUP($B17,بحرا!$A$2:$AG$31,30,FALSE)) -> 0 | AH17: =IF(ISBLANK(VLOOKUP($B17,بحرا!$A$2:$AG$31,31,FALSE)),0,VLOOKUP($B17,بحرا!$A$2:$AG$31,31,FALSE)) -> 0 | AI17: =IF(ISBLANK(VLOOKUP($B17,بحرا!$A$2:$AG$31,32,FALSE)),0,VLOOKUP($B17,بحرا!$A$2:$AG$31,32,FALSE)) -> 0 | AJ17: =IF(ISBLANK(VLOOKUP($B17,بحرا!$A$2:$AJ$31,33,FALSE)),0,VLOOKUP($B17,بحرا!$A$2:$AJ$31,33,FALSE)) -> 0 | AK17: =IF(ISBLANK(VLOOKUP($B17,بحرا!$A$2:$AJ$31,34,FALSE)),0,VLOOKUP($B17,بحرا!$A$2:$AJ$31,34,FALSE)) -> 0 | AL17: =IF(ISBLANK(VLOOKUP($B17,بحرا!$A$2:$AJ$31,35,FALSE)),0,VLOOKUP($B17,بحرا!$A$2:$AJ$31,35,FALSE)) -> 0 | AM17: =IF(ISBLANK(VLOOKUP($B17,بحرا!$A$2:$AJ$31,36,FALSE)),0,VLOOKUP($B17,بحرا!$A$2:$AJ$31,36,FALSE)) -> 0 | AN17: =IF(X17>0,X17 & " "& $X$6 & " / ", " ") & IF(Y17>0,Y17 & " "&$Y$6 & " / ", " ") & IF(Z17>0,Z17 & " "& $Z$6 & " / ", " ") & IF(AA17>0,AA17 & " "& $AA$6 & " / ", " ")& IF(AB17>0,AB17 & " "& $AB$6 & " / ", " ") & IF(AC17>0,AC17 & " "& $AC$6 & " / ", " ") & IF(AG17>0,AG17 & " "& $AG$6 & " / ", " ") & IF(AH17>0,AH17 & " "& $AH$6 & " / ", " ") & IF(AI17>0,AI17 & " "& $AI$6 & " / ", " ") & IF(AJ17>0,AJ17 & " "& $AJ$6 & " / ", " ")& IF(AD17>0,AD17 & " "& $AD$6 & " / ", " ")& IF(AE17>0,AE17 & " "& $AE$8 & " / ", " ")& IF(AF17>0,AF17 & " "& $AF$8 & " / ", " ")& IF(AK17>0,AK17 & " "&$AK$6 & " / ", " ") & IF(AL17>0,AL17 & " "&$AL$6 & " / ", " ")& IF(AM17>0,AM17 & " "& " / ", " ")
B18: =بحرا!A11 -> زغوان | C18: =IF(ISBLANK(VLOOKUP($B18,بحرا!$A$2:$AG$31,3,FALSE)),"",VLOOKUP($B18,بحرا!$A$2:$AG$31,3,FALSE)) | D18: =IF(ISBLANK(VLOOKUP($B18,بحرا!$A$2:$AG$31,2,FALSE)),"",VLOOKUP($B18,بحرا!$A$2:$AG$31,2,FALSE)) | E18: =IF(ISBLANK(VLOOKUP($B18,بحرا!$A$2:$AG$31,4,FALSE)),"",VLOOKUP($B18,بحرا!$A$2:$AG$31,4,FALSE)) | F18: =IF(ISBLANK(VLOOKUP($B18,بحرا!$A$2:$AG$31,5,FALSE)),"",VLOOKUP($B18,بحرا!$A$2:$AG$31,5,FALSE)) | G18: =IF(ISBLANK(VLOOKUP($B18,بحرا!$A$2:$AG$31,6,FALSE)),"",VLOOKUP($B18,بحرا!$A$2:$AG$31,6,FALSE)) | H18: =IF(ISBLANK(VLOOKUP($B18,بحرا!$A$2:$AG$31,7,FALSE)),"",VLOOKUP($B18,بحرا!$A$2:$AG$31,7,FALSE)) | I18: =IF(ISBLANK(VLOOKUP($B18,بحرا!$A$2:$AG$31,8,FALSE)),"",VLOOKUP($B18,بحرا!$A$2:$AG$31,8,FALSE)) | J18: =IF(ISBLANK(VLOOKUP($B18,بحرا!$A$2:$AG$31,9,FALSE)),"",VLOOKUP($B18,بحرا!$A$2:$AG$31,9,FALSE)) | K18: =IF(ISBLANK(VLOOKUP($B18,بحرا!$A$2:$AG$31,10,FALSE)),"",VLOOKUP($B18,بحرا!$A$2:$AG$31,10,FALSE)) | L18: =IF(ISBLANK(VLOOKUP($B18,بحرا!$A$2:$AG$31,11,FALSE)),"",VLOOKUP($B18,بحرا!$A$2:$AG$31,11,FALSE)) | M18: =IF(ISBLANK(VLOOKUP($B18,بحرا!$A$2:$AG$31,12,FALSE)),"",VLOOKUP($B18,بحرا!$A$2:$AG$31,12,FALSE)) | N18: =IF(ISBLANK(VLOOKUP($B18,بحرا!$A$2:$AG$31,13,FALSE)),"",VLOOKUP($B18,بحرا!$A$2:$AG$31,13,FALSE)) | O18: =IF(ISBLANK(VLOOKUP($B18,بحرا!$A$2:$AG$31,14,FALSE)),"",VLOOKUP($B18,بحرا!$A$2:$AG$31,14,FALSE)) | P18: =IF(ISBLANK(VLOOKUP($B18,بحرا!$A$2:$AG$31,15,FALSE)),"",VLOOKUP($B18,بحرا!$A$2:$AG$31,15,FALSE)) | Q18: =IF(ISBLANK(VLOOKUP($B18,بحرا!$A$2:$AG$31,16,FALSE)),"",VLOOKUP($B18,بحرا!$A$2:$AG$31,16,FALSE)) | S18: =IF(ISBLANK(VLOOKUP($B18,بحرا!$A$2:$AG$31,17,FALSE)),"",VLOOKUP($B18,بحرا!$A$2:$AG$31,17,FALSE)) | U18: =IF(ISBLANK(VLOOKUP($B18,بحرا!$A$2:$AG$31,18,FALSE)),"",VLOOKUP($B18,بحرا!$A$2:$AG$31,18,FALSE)) | V18: =IF(ISBLANK(VLOOKUP($B18,بحرا!$A$2:$AG$31,19,FALSE)),"",VLOOKUP($B18,بحرا!$A$2:$AG$31,19,FALSE)) | W18: =IF(ISBLANK(VLOOKUP($B18,بحرا!$A$2:$AG$31,20,FALSE)),"",VLOOKUP($B18,بحرا!$A$2:$AG$31,20,FALSE)) | X18: =IF(ISBLANK(VLOOKUP($B18,بحرا!$A$2:$AG$31,21,FALSE)),0,VLOOKUP($B18,بحرا!$A$2:$AG$31,21,FALSE)) -> 0 | Y18: =IF(ISBLANK(VLOOKUP($B18,بحرا!$A$2:$AG$31,22,FALSE)),0,VLOOKUP($B18,بحرا!$A$2:$AG$31,22,FALSE)) -> 0 | Z18: =IF(ISBLANK(VLOOKUP($B18,بحرا!$A$2:$AG$31,23,FALSE)),0,VLOOKUP($B18,بحرا!$A$2:$AG$31,23,FALSE)) -> 0 | AA18: =IF(ISBLANK(VLOOKUP($B18,بحرا!$A$2:$AG$31,24,FALSE)),0,VLOOKUP($B18,بحرا!$A$2:$AG$31,24,FALSE)) -> 0 | AB18: =IF(ISBLANK(VLOOKUP($B18,بحرا!$A$2:$AG$31,25,FALSE)),0,VLOOKUP($B18,بحرا!$A$2:$AG$31,25,FALSE)) -> 0 | AC18: =IF(ISBLANK(VLOOKUP($B18,بحرا!$A$2:$AG$31,26,FALSE)),0,VLOOKUP($B18,بحرا!$A$2:$AG$31,26,FALSE)) -> 0 | AD18: =IF(ISBLANK(VLOOKUP($B18,بحرا!$A$2:$AJ$31,27,FALSE)),0,VLOOKUP($B18,بحرا!$A$2:$AJ$31,27,FALSE)) -> 0 | AE18: =IF(ISBLANK(VLOOKUP($B18,بحرا!$A$2:$AJ$31,28,FALSE)),0,VLOOKUP($B18,بحرا!$A$2:$AJ$31,28,FALSE)) -> 0 | AF18: =IF(ISBLANK(VLOOKUP($B18,بحرا!$A$2:$AG$31,29,FALSE)),0,VLOOKUP($B18,بحرا!$A$2:$AG$31,29,FALSE)) -> 0 | AG18: =IF(ISBLANK(VLOOKUP($B18,بحرا!$A$2:$AG$31,30,FALSE)),0,VLOOKUP($B18,بحرا!$A$2:$AG$31,30,FALSE)) -> 0 | AH18: =IF(ISBLANK(VLOOKUP($B18,بحرا!$A$2:$AG$31,31,FALSE)),0,VLOOKUP($B18,بحرا!$A$2:$AG$31,31,FALSE)) -> 0 | AI18: =IF(ISBLANK(VLOOKUP($B18,بحرا!$A$2:$AG$31,32,FALSE)),0,VLOOKUP($B18,بحرا!$A$2:$AG$31,32,FALSE)) -> 0 | AJ18: =IF(ISBLANK(VLOOKUP($B18,بحرا!$A$2:$AJ$31,33,FALSE)),0,VLOOKUP($B18,بحرا!$A$2:$AJ$31,33,FALSE)) -> 0 | AK18: =IF(ISBLANK(VLOOKUP($B18,بحرا!$A$2:$AJ$31,34,FALSE)),0,VLOOKUP($B18,بحرا!$A$2:$AJ$31,34,FALSE)) -> 0 | AL18: =IF(ISBLANK(VLOOKUP($B18,بحرا!$A$2:$AJ$31,35,FALSE)),0,VLOOKUP($B18,بحرا!$A$2:$AJ$31,35,FALSE)) -> 0 | AM18: =IF(ISBLANK(VLOOKUP($B18,بحرا!$A$2:$AJ$31,36,FALSE)),0,VLOOKUP($B18,بحرا!$A$2:$AJ$31,36,FALSE)) -> 0 | AN18: =IF(X18>0,X18 & " "& $X$6 & " / ", " ") & IF(Y18>0,Y18 & " "&$Y$6 & " / ", " ") & IF(Z18>0,Z18 & " "& $Z$6 & " / ", " ") & IF(AA18>0,AA18 & " "& $AA$6 & " / ", " ")& IF(AB18>0,AB18 & " "& $AB$6 & " / ", " ") & IF(AC18>0,AC18 & " "& $AC$6 & " / ", " ") & IF(AG18>0,AG18 & " "& $AG$6 & " / ", " ") & IF(AH18>0,AH18 & " "& $AH$6 & " / ", " ") & IF(AI18>0,AI18 & " "& $AI$6 & " / ", " ") & IF(AJ18>0,AJ18 & " "& $AJ$6 & " / ", " ")& IF(AD18>0,AD18 & " "& $AD$6 & " / ", " ")& IF(AE18>0,AE18 & " "& $AE$8 & " / ", " ")& IF(AF18>0,AF18 & " "& $AF$8 & " / ", " ")& IF(AK18>0,AK18 & " "&$AK$6 & " / ", " ") & IF(AL18>0,AL18 & " "&$AL$6 & " / ", " ")& IF(AM18>0,AM18 & " "& " / ", " ")
B19: =بحرا!A12 -> جندوبة | C19: =IF(ISBLANK(VLOOKUP($B19,بحرا!$A$2:$AG$31,3,FALSE)),"",VLOOKUP($B19,بحرا!$A$2:$AG$31,3,FALSE)) | D19: =IF(ISBLANK(VLOOKUP($B19,بحرا!$A$2:$AG$31,2,FALSE)),"",VLOOKUP($B19,بحرا!$A$2:$AG$31,2,FALSE)) | E19: =IF(ISBLANK(VLOOKUP($B19,بحرا!$A$2:$AG$31,4,FALSE)),"",VLOOKUP($B19,بحرا!$A$2:$AG$31,4,FALSE)) | F19: =IF(ISBLANK(VLOOKUP($B19,بحرا!$A$2:$AG$31,5,FALSE)),"",VLOOKUP($B19,بحرا!$A$2:$AG$31,5,FALSE)) | G19: =IF(ISBLANK(VLOOKUP($B19,بحرا!$A$2:$AG$31,6,FALSE)),"",VLOOKUP($B19,بحرا!$A$2:$AG$31,6,FALSE)) | H19: =IF(ISBLANK(VLOOKUP($B19,بحرا!$A$2:$AG$31,7,FALSE)),"",VLOOKUP($B19,بحرا!$A$2:$AG$31,7,FALSE)) | I19: =IF(ISBLANK(VLOOKUP($B19,بحرا!$A$2:$AG$31,8,FALSE)),"",VLOOKUP($B19,بحرا!$A$2:$AG$31,8,FALSE)) | J19: =IF(ISBLANK(VLOOKUP($B19,بحرا!$A$2:$AG$31,9,FALSE)),"",VLOOKUP($B19,بحرا!$A$2:$AG$31,9,FALSE)) | K19: =IF(ISBLANK(VLOOKUP($B19,بحرا!$A$2:$AG$31,10,FALSE)),"",VLOOKUP($B19,بحرا!$A$2:$AG$31,10,FALSE)) | L19: =IF(ISBLANK(VLOOKUP($B19,بحرا!$A$2:$AG$31,11,FALSE)),"",VLOOKUP($B19,بحرا!$A$2:$AG$31,11,FALSE)) | M19: =IF(ISBLANK(VLOOKUP($B19,بحرا!$A$2:$AG$31,12,FALSE)),"",VLOOKUP($B19,بحرا!$A$2:$AG$31,12,FALSE)) | N19: =IF(ISBLANK(VLOOKUP($B19,بحرا!$A$2:$AG$31,13,FALSE)),"",VLOOKUP($B19,بحرا!$A$2:$AG$31,13,FALSE)) | O19: =IF(ISBLANK(VLOOKUP($B19,بحرا!$A$2:$AG$31,14,FALSE)),"",VLOOKUP($B19,بحرا!$A$2:$AG$31,14,FALSE)) | P19: =IF(ISBLANK(VLOOKUP($B19,بحرا!$A$2:$AG$31,15,FALSE)),"",VLOOKUP($B19,بحرا!$A$2:$AG$31,15,FALSE)) | Q19: =IF(ISBLANK(VLOOKUP($B19,بحرا!$A$2:$AG$31,16,FALSE)),"",VLOOKUP($B19,بحرا!$A$2:$AG$31,16,FALSE)) | S19: =IF(ISBLANK(VLOOKUP($B19,بحرا!$A$2:$AG$31,17,FALSE)),"",VLOOKUP($B19,بحرا!$A$2:$AG$31,17,FALSE)) | U19: =IF(ISBLANK(VLOOKUP($B19,بحرا!$A$2:$AG$31,18,FALSE)),"",VLOOKUP($B19,بحرا!$A$2:$AG$31,18,FALSE)) | V19: =IF(ISBLANK(VLOOKUP($B19,بحرا!$A$2:$AG$31,19,FALSE)),"",VLOOKUP($B19,بحرا!$A$2:$AG$31,19,FALSE)) | W19: =IF(ISBLANK(VLOOKUP($B19,بحرا!$A$2:$AG$31,20,FALSE)),"",VLOOKUP($B19,بحرا!$A$2:$AG$31,20,FALSE)) | X19: =IF(ISBLANK(VLOOKUP($B19,بحرا!$A$2:$AG$31,21,FALSE)),0,VLOOKUP($B19,بحرا!$A$2:$AG$31,21,FALSE)) -> 0 | Y19: =IF(ISBLANK(VLOOKUP($B19,بحرا!$A$2:$AG$31,22,FALSE)),0,VLOOKUP($B19,بحرا!$A$2:$AG$31,22,FALSE)) -> 0 | Z19: =IF(ISBLANK(VLOOKUP($B19,بحرا!$A$2:$AG$31,23,FALSE)),0,VLOOKUP($B19,بحرا!$A$2:$AG$31,23,FALSE)) -> 0 | AA19: =IF(ISBLANK(VLOOKUP($B19,بحرا!$A$2:$AG$31,24,FALSE)),0,VLOOKUP($B19,بحرا!$A$2:$AG$31,24,FALSE)) -> 0 | AB19: =IF(ISBLANK(VLOOKUP($B19,بحرا!$A$2:$AG$31,25,FALSE)),0,VLOOKUP($B19,بحرا!$A$2:$AG$31,25,FALSE)) -> 0 | AC19: =IF(ISBLANK(VLOOKUP($B19,بحرا!$A$2:$AG$31,26,FALSE)),0,VLOOKUP($B19,بحرا!$A$2:$AG$31,26,FALSE)) -> 0 | AD19: =IF(ISBLANK(VLOOKUP($B19,بحرا!$A$2:$AJ$31,27,FALSE)),0,VLOOKUP($B19,بحرا!$A$2:$AJ$31,27,FALSE)) -> 0 | AE19: =IF(ISBLANK(VLOOKUP($B19,بحرا!$A$2:$AJ$31,28,FALSE)),0,VLOOKUP($B19,بحرا!$A$2:$AJ$31,28,FALSE)) -> 0 | AF19: =IF(ISBLANK(VLOOKUP($B19,بحرا!$A$2:$AG$31,29,FALSE)),0,VLOOKUP($B19,بحرا!$A$2:$AG$31,29,FALSE)) -> 0 | AG19: =IF(ISBLANK(VLOOKUP($B19,بحرا!$A$2:$AG$31,30,FALSE)),0,VLOOKUP($B19,بحرا!$A$2:$AG$31,30,FALSE)) -> 0 | AH19: =IF(ISBLANK(VLOOKUP($B19,بحرا!$A$2:$AG$31,31,FALSE)),0,VLOOKUP($B19,بحرا!$A$2:$AG$31,31,FALSE)) -> 0 | AI19: =IF(ISBLANK(VLOOKUP($B19,بحرا!$A$2:$AG$31,32,FALSE)),0,VLOOKUP($B19,بحرا!$A$2:$AG$31,32,FALSE)) -> 0 | AJ19: =IF(ISBLANK(VLOOKUP($B19,بحرا!$A$2:$AJ$31,33,FALSE)),0,VLOOKUP($B19,بحرا!$A$2:$AJ$31,33,FALSE)) -> 0 | AK19: =IF(ISBLANK(VLOOKUP($B19,بحرا!$A$2:$AJ$31,34,FALSE)),0,VLOOKUP($B19,بحرا!$A$2:$AJ$31,34,FALSE)) -> 0 | AL19: =IF(ISBLANK(VLOOKUP($B19,بحرا!$A$2:$AJ$31,35,FALSE)),0,VLOOKUP($B19,بحرا!$A$2:$AJ$31,35,FALSE)) -> 0 | AM19: =IF(ISBLANK(VLOOKUP($B19,بحرا!$A$2:$AJ$31,36,FALSE)),0,VLOOKUP($B19,بحرا!$A$2:$AJ$31,36,FALSE)) -> 0 | AN19: =IF(X19>0,X19 & " "& $X$6 & " / ", " ") & IF(Y19>0,Y19 & " "&$Y$6 & " / ", " ") & IF(Z19>0,Z19 & " "& $Z$6 & " / ", " ") & IF(AA19>0,AA19 & " "& $AA$6 & " / ", " ")& IF(AB19>0,AB19 & " "& $AB$6 & " / ", " ") & IF(AC19>0,AC19 & " "& $AC$6 & " / ", " ") & IF(AG19>0,AG19 & " "& $AG$6 & " / ", " ") & IF(AH19>0,AH19 & " "& $AH$6 & " / ", " ") & IF(AI19>0,AI19 & " "& $AI$6 & " / ", " ") & IF(AJ19>0,AJ19 & " "& $AJ$6 & " / ", " ")& IF(AD19>0,AD19 & " "& $AD$6 & " / ", " ")& IF(AE19>0,AE19 & " "& $AE$8 & " / ", " ")& IF(AF19>0,AF19 & " "& $AF$8 & " / ", " ")& IF(AK19>0,AK19 & " "&$AK$6 & " / ", " ") & IF(AL19>0,AL19 & " "&$AL$6 & " / ", " ")& IF(AM19>0,AM19 & " "& " / ", " ")
B20: =بحرا!A13 -> تونس | C20: =IF(ISBLANK(VLOOKUP($B20,بحرا!$A$2:$AG$31,3,FALSE)),"",VLOOKUP($B20,بحرا!$A$2:$AG$31,3,FALSE)) | D20: =IF(ISBLANK(VLOOKUP($B20,بحرا!$A$2:$AG$31,2,FALSE)),"",VLOOKUP($B20,بحرا!$A$2:$AG$31,2,FALSE)) | E20: =IF(ISBLANK(VLOOKUP($B20,بحرا!$A$2:$AG$31,4,FALSE)),"",VLOOKUP($B20,بحرا!$A$2:$AG$31,4,FALSE)) | F20: =IF(ISBLANK(VLOOKUP($B20,بحرا!$A$2:$AG$31,5,FALSE)),"",VLOOKUP($B20,بحرا!$A$2:$AG$31,5,FALSE)) | G20: =IF(ISBLANK(VLOOKUP($B20,بحرا!$A$2:$AG$31,6,FALSE)),"",VLOOKUP($B20,بحرا!$A$2:$AG$31,6,FALSE)) | H20: =IF(ISBLANK(VLOOKUP($B20,بحرا!$A$2:$AG$31,7,FALSE)),"",VLOOKUP($B20,بحرا!$A$2:$AG$31,7,FALSE)) | I20: =IF(ISBLANK(VLOOKUP($B20,بحرا!$A$2:$AG$31,8,FALSE)),"",VLOOKUP($B20,بحرا!$A$2:$AG$31,8,FALSE)) | J20: =IF(ISBLANK(VLOOKUP($B20,بحرا!$A$2:$AG$31,9,FALSE)),"",VLOOKUP($B20,بحرا!$A$2:$AG$31,9,FALSE)) | K20: =IF(ISBLANK(VLOOKUP($B20,بحرا!$A$2:$AG$31,10,FALSE)),"",VLOOKUP($B20,بحرا!$A$2:$AG$31,10,FALSE)) | L20: =IF(ISBLANK(VLOOKUP($B20,بحرا!$A$2:$AG$31,11,FALSE)),"",VLOOKUP($B20,بحرا!$A$2:$AG$31,11,FALSE)) | M20: =IF(ISBLANK(VLOOKUP($B20,بحرا!$A$2:$AG$31,12,FALSE)),"",VLOOKUP($B20,بحرا!$A$2:$AG$31,12,FALSE)) | N20: =IF(ISBLANK(VLOOKUP($B20,بحرا!$A$2:$AG$31,13,FALSE)),"",VLOOKUP($B20,بحرا!$A$2:$AG$31,13,FALSE)) | O20: =IF(ISBLANK(VLOOKUP($B20,بحرا!$A$2:$AG$31,14,FALSE)),"",VLOOKUP($B20,بحرا!$A$2:$AG$31,14,FALSE)) | P20: =IF(ISBLANK(VLOOKUP($B20,بحرا!$A$2:$AG$31,15,FALSE)),"",VLOOKUP($B20,بحرا!$A$2:$AG$31,15,FALSE)) | Q20: =IF(ISBLANK(VLOOKUP($B20,بحرا!$A$2:$AG$31,16,FALSE)),"",VLOOKUP($B20,بحرا!$A$2:$AG$31,16,FALSE)) | S20: =IF(ISBLANK(VLOOKUP($B20,بحرا!$A$2:$AG$31,17,FALSE)),"",VLOOKUP($B20,بحرا!$A$2:$AG$31,17,FALSE)) | U20: =IF(ISBLANK(VLOOKUP($B20,بحرا!$A$2:$AG$31,18,FALSE)),"",VLOOKUP($B20,بحرا!$A$2:$AG$31,18,FALSE)) | V20: =IF(ISBLANK(VLOOKUP($B20,بحرا!$A$2:$AG$31,19,FALSE)),"",VLOOKUP($B20,بحرا!$A$2:$AG$31,19,FALSE)) | W20: =IF(ISBLANK(VLOOKUP($B20,بحرا!$A$2:$AG$31,20,FALSE)),"",VLOOKUP($B20,بحرا!$A$2:$AG$31,20,FALSE)) | X20: =IF(ISBLANK(VLOOKUP($B20,بحرا!$A$2:$AG$31,21,FALSE)),0,VLOOKUP($B20,بحرا!$A$2:$AG$31,21,FALSE)) -> 0 | Y20: =IF(ISBLANK(VLOOKUP($B20,بحرا!$A$2:$AG$31,22,FALSE)),0,VLOOKUP($B20,بحرا!$A$2:$AG$31,22,FALSE)) -> 0 | Z20: =IF(ISBLANK(VLOOKUP($B20,بحرا!$A$2:$AG$31,23,FALSE)),0,VLOOKUP($B20,بحرا!$A$2:$AG$31,23,FALSE)) -> 0 | AA20: =IF(ISBLANK(VLOOKUP($B20,بحرا!$A$2:$AG$31,24,FALSE)),0,VLOOKUP($B20,بحرا!$A$2:$AG$31,24,FALSE)) -> 0 | AB20: =IF(ISBLANK(VLOOKUP($B20,بحرا!$A$2:$AG$31,25,FALSE)),0,VLOOKUP($B20,بحرا!$A$2:$AG$31,25,FALSE)) -> 0 | AC20: =IF(ISBLANK(VLOOKUP($B20,بحرا!$A$2:$AG$31,26,FALSE)),0,VLOOKUP($B20,بحرا!$A$2:$AG$31,26,FALSE)) -> 0 | AD20: =IF(ISBLANK(VLOOKUP($B20,بحرا!$A$2:$AJ$31,27,FALSE)),0,VLOOKUP($B20,بحرا!$A$2:$AJ$31,27,FALSE)) -> 0 | AE20: =IF(ISBLANK(VLOOKUP($B20,بحرا!$A$2:$AJ$31,28,FALSE)),0,VLOOKUP($B20,بحرا!$A$2:$AJ$31,28,FALSE)) -> 0 | AF20: =IF(ISBLANK(VLOOKUP($B20,بحرا!$A$2:$AG$31,29,FALSE)),0,VLOOKUP($B20,بحرا!$A$2:$AG$31,29,FALSE)) -> 0 | AG20: =IF(ISBLANK(VLOOKUP($B20,بحرا!$A$2:$AG$31,30,FALSE)),0,VLOOKUP($B20,بحرا!$A$2:$AG$31,30,FALSE)) -> 0 | AH20: =IF(ISBLANK(VLOOKUP($B20,بحرا!$A$2:$AG$31,31,FALSE)),0,VLOOKUP($B20,بحرا!$A$2:$AG$31,31,FALSE)) -> 0 | AI20: =IF(ISBLANK(VLOOKUP($B20,بحرا!$A$2:$AG$31,32,FALSE)),0,VLOOKUP($B20,بحرا!$A$2:$AG$31,32,FALSE)) -> 0 | AJ20: =IF(ISBLANK(VLOOKUP($B20,بحرا!$A$2:$AJ$31,33,FALSE)),0,VLOOKUP($B20,بحرا!$A$2:$AJ$31,33,FALSE)) -> 0 | AK20: =IF(ISBLANK(VLOOKUP($B20,بحرا!$A$2:$AJ$31,34,FALSE)),0,VLOOKUP($B20,بحرا!$A$2:$AJ$31,34,FALSE)) -> 0 | AL20: =IF(ISBLANK(VLOOKUP($B20,بحرا!$A$2:$AJ$31,35,FALSE)),0,VLOOKUP($B20,بحرا!$A$2:$AJ$31,35,FALSE)) -> 0 | AM20: =IF(ISBLANK(VLOOKUP($B20,بحرا!$A$2:$AJ$31,36,FALSE)),0,VLOOKUP($B20,بحرا!$A$2:$AJ$31,36,FALSE)) -> 0 | AN20: =IF(X20>0,X20 & " "& $X$6 & " / ", " ") & IF(Y20>0,Y20 & " "&$Y$6 & " / ", " ") & IF(Z20>0,Z20 & " "& $Z$6 & " / ", " ") & IF(AA20>0,AA20 & " "& $AA$6 & " / ", " ")& IF(AB20>0,AB20 & " "& $AB$6 & " / ", " ") & IF(AC20>0,AC20 & " "& $AC$6 & " / ", " ") & IF(AG20>0,AG20 & " "& $AG$6 & " / ", " ") & IF(AH20>0,AH20 & " "& $AH$6 & " / ", " ") & IF(AI20>0,AI20 & " "& $AI$6 & " / ", " ") & IF(AJ20>0,AJ20 & " "& $AJ$6 & " / ", " ")& IF(AD20>0,AD20 & " "& $AD$6 & " / ", " ")& IF(AE20>0,AE20 & " "& $AE$8 & " / ", " ")& IF(AF20>0,AF20 & " "& $AF$8 & " / ", " ")& IF(AK20>0,AK20 & " "&$AK$6 & " / ", " ") & IF(AL20>0,AL20 & " "&$AL$6 & " / ", " ")& IF(AM20>0,AM20 & " "& " / ", " ")
... B38: =بحرا!A31 -> إدارة الشؤون العدلية | C38: =IF(ISBLANK(VLOOKUP($B38,بحرا!$A$2:$AG$31,3,FALSE)),"",VLOOKUP($B38,بحرا!$A$2:$AG$31,3,FALSE)) | D38: =IF(ISBLANK(VLOOKUP($B38,بحرا!$A$2:$AG$31,2,FALSE)),"",VLOOKUP($B38,بحرا!$A$2:$AG$31,2,FALSE)) | E38: =IF(ISBLANK(VLOOKUP($B38,بحرا!$A$2:$AG$31,4,FALSE)),"",VLOOKUP($B38,بحرا!$A$2:$AG$31,4,FALSE)) | F38: =IF(ISBLANK(VLOOKUP($B38,بحرا!$A$2:$AG$31,5,FALSE)),"",VLOOKUP($B38,بحرا!$A$2:$AG$31,5,FALSE)) | G38: =IF(ISBLANK(VLOOKUP($B38,بحرا!$A$2:$AG$31,6,FALSE)),"",VLOOKUP($B38,بحرا!$A$2:$AG$31,6,FALSE)) | H38: =IF(ISBLANK(VLOOKUP($B38,بحرا!$A$2:$AG$31,7,FALSE)),"",VLOOKUP($B38,بحرا!$A$2:$AG$31,7,FALSE)) | I38: =IF(ISBLANK(VLOOKUP($B38,بحرا!$A$2:$AG$31,8,FALSE)),"",VLOOKUP($B38,بحرا!$A$2:$AG$31,8,FALSE)) | J38: =IF(ISBLANK(VLOOKUP($B38,بحرا!$A$2:$AG$31,9,FALSE)),"",VLOOKUP($B38,بحرا!$A$2:$AG$31,9,FALSE)) | K38: =IF(ISBLANK(VLOOKUP($B38,بحرا!$A$2:$AG$31,10,FALSE)),"",VLOOKUP($B38,بحرا!$A$2:$AG$31,10,FALSE)) | L38: =IF(ISBLANK(VLOOKUP($B38,بحرا!$A$2:$AG$31,11,FALSE)),"",VLOOKUP($B38,بحرا!$A$2:$AG$31,11,FALSE)) | M38: =IF(ISBLANK(VLOOKUP($B38,بحرا!$A$2:$AG$31,12,FALSE)),"",VLOOKUP($B38,بحرا!$A$2:$AG$31,12,FALSE)) | N38: =IF(ISBLANK(VLOOKUP($B38,بحرا!$A$2:$AG$31,13,FALSE)),"",VLOOKUP($B38,بحرا!$A$2:$AG$31,13,FALSE)) | O38: =IF(ISBLANK(VLOOKUP($B38,بحرا!$A$2:$AG$31,14,FALSE)),"",VLOOKUP($B38,بحرا!$A$2:$AG$31,14,FALSE)) | P38: =IF(ISBLANK(VLOOKUP($B38,بحرا!$A$2:$AG$31,15,FALSE)),"",VLOOKUP($B38,بحرا!$A$2:$AG$31,15,FALSE)) | Q38: =IF(ISBLANK(VLOOKUP($B38,بحرا!$A$2:$AG$31,16,FALSE)),"",VLOOKUP($B38,بحرا!$A$2:$AG$31,16,FALSE)) | S38: =IF(ISBLANK(VLOOKUP($B38,بحرا!$A$2:$AG$31,17,FALSE)),"",VLOOKUP($B38,بحرا!$A$2:$AG$31,17,FALSE)) | U38: =IF(ISBLANK(VLOOKUP($B38,بحرا!$A$2:$AG$31,18,FALSE)),"",VLOOKUP($B38,بحرا!$A$2:$AG$31,18,FALSE)) | V38: =IF(ISBLANK(VLOOKUP($B38,بحرا!$A$2:$AG$31,19,FALSE)),"",VLOOKUP($B38,بحرا!$A$2:$AG$31,19,FALSE)) | W38: =IF(ISBLANK(VLOOKUP($B38,بحرا!$A$2:$AG$31,20,FALSE)),"",VLOOKUP($B38,بحرا!$A$2:$AG$31,20,FALSE)) | X38: =IF(ISBLANK(VLOOKUP($B38,بحرا!$A$2:$AG$31,21,FALSE)),0,VLOOKUP($B38,بحرا!$A$2:$AG$31,21,FALSE)) -> 0 | Y38: =IF(ISBLANK(VLOOKUP($B38,بحرا!$A$2:$AG$31,22,FALSE)),0,VLOOKUP($B38,بحرا!$A$2:$AG$31,22,FALSE)) -> 0 | Z38: =IF(ISBLANK(VLOOKUP($B38,بحرا!$A$2:$AG$31,23,FALSE)),0,VLOOKUP($B38,بحرا!$A$2:$AG$31,23,FALSE)) -> 0 | AA38: =IF(ISBLANK(VLOOKUP($B38,بحرا!$A$2:$AG$31,24,FALSE)),0,VLOOKUP($B38,بحرا!$A$2:$AG$31,24,FALSE)) -> 0 | AB38: =IF(ISBLANK(VLOOKUP($B38,بحرا!$A$2:$AG$31,25,FALSE)),0,VLOOKUP($B38,بحرا!$A$2:$AG$31,25,FALSE)) -> 0 | AC38: =IF(ISBLANK(VLOOKUP($B38,بحرا!$A$2:$AG$31,26,FALSE)),0,VLOOKUP($B38,بحرا!$A$2:$AG$31,26,FALSE)) -> 0 | AD38: =IF(ISBLANK(VLOOKUP($B38,بحرا!$A$2:$AJ$31,27,FALSE)),0,VLOOKUP($B38,بحرا!$A$2:$AJ$31,27,FALSE)) -> 0 | AE38: =IF(ISBLANK(VLOOKUP($B38,بحرا!$A$2:$AJ$31,28,FALSE)),0,VLOOKUP($B38,بحرا!$A$2:$AJ$31,28,FALSE)) -> 0 | AF38: =IF(ISBLANK(VLOOKUP($B38,بحرا!$A$2:$AG$31,29,FALSE)),0,VLOOKUP($B38,بحرا!$A$2:$AG$31,29,FALSE)) -> 0 | AG38: =IF(ISBLANK(VLOOKUP($B38,بحرا!$A$2:$AG$31,30,FALSE)),0,VLOOKUP($B38,بحرا!$A$2:$AG$31,30,FALSE)) -> 0 | AH38: =IF(ISBLANK(VLOOKUP($B38,بحرا!$A$2:$AG$31,31,FALSE)),0,VLOOKUP($B38,بحرا!$A$2:$AG$31,31,FALSE)) -> 0 | AI38: =IF(ISBLANK(VLOOKUP($B38,بحرا!$A$2:$AG$31,32,FALSE)),0,VLOOKUP($B38,بحرا!$A$2:$AG$31,32,FALSE)) -> 0 | AJ38: =IF(ISBLANK(VLOOKUP($B38,بحرا!$A$2:$AJ$31,33,FALSE)),0,VLOOKUP($B38,بحرا!$A$2:$AJ$31,33,FALSE)) -> 0 | AK38: =IF(ISBLANK(VLOOKUP($B38,بحرا!$A$2:$AJ$31,34,FALSE)),0,VLOOKUP($B38,بحرا!$A$2:$AJ$31,34,FALSE)) -> 0 | AL38: =IF(ISBLANK(VLOOKUP($B38,بحرا!$A$2:$AJ$31,35,FALSE)),0,VLOOKUP($B38,بحرا!$A$2:$AJ$31,35,FALSE)) -> 0 | AM38: =IF(ISBLANK(VLOOKUP($B38,بحرا!$A$2:$AJ$31,36,FALSE)),0,VLOOKUP($B38,بحرا!$A$2:$AJ$31,36,FALSE)) -> 0 | AN38: =IF(X38>0,X38 & " "& $X$6 & " / ", " ") & IF(Y38>0,Y38 & " "&$Y$6 & " / ", " ") & IF(Z38>0,Z38 & " "& $Z$6 & " / ", " ") & IF(AA38>0,AA38 & " "& $AA$6 & " / ", " ")& IF(AB38>0,AB38 & " "& $AB$6 & " / ", " ") & IF(AC38>0,AC38 & " "& $AC$6 & " / ", " ") & IF(AG38>0,AG38 & " "& $AG$6 & " / ", " ") & IF(AH38>0,AH38 & " "& $AH$6 & " / ", " ") & IF(AI38>0,AI38 & " "& $AI$6 & " / ", " ") & IF(AJ38>0,AJ38 & " "& $AJ$6 & " / ", " ")& IF(AD38>0,AD38 & " "& $AD$6 & " / ", " ")& IF(AE38>0,AE38 & " "& $AE$8 & " / ", " ")& IF(AF38>0,AF38 & " "& $AF$8 & " / ", " ")& IF(AK38>0,AK38 & " "&$AK$6 & " / ", " ") & IF(AL38>0,AL38 & " "&$AL$6 & " / ", " ")& IF(AM38>0,AM38 & " "& " / ", " ")
B39: المجموع | C39: =SUM(C9:C38) -> 0 | D39: *** | E39: =SUM(E8:E37) -> 0 | F39: =SUM(F8:F37) -> 0 | G39: =SUM(G8:G37) -> 0 | H39: =SUM(H8:H37) -> 0 | I39: =SUM(I8:I37) -> 0 | J39: =SUM(J8:J37) -> 0 | K39: =SUM(K8:K37) -> 0 | L39: =SUM(L8:L37) -> 0 | ... Q39: =SUM(Q8:Q37) -> 0 | R39: ******* | S39: =SUM(S8:S37) -> 0 | T39: ****** | U39: =SUM(U9:U38) -> 0 | V39: =SUM(V9:V38) -> 0 | W39: =SUM(W9:W38) -> 0 | X39: =SUM(X9:X38) -> 0 | Y39: =SUM(Y9:Y38) -> 0 | Z39: =SUM(Z9:Z38) -> 0 | AA39: =SUM(AA9:AA38) -> 0 | AB39: =SUM(AB9:AB38) -> 0 | ... AM39: =SUM(AM9:AM38) -> 0 | AN39: ******
E40: =E39+F39 -> 0 | G40: =G39+H39 -> 0 | I40: =I39+J39 -> 0 | K40: =K39+L39+M39 -> 0 | N40: =N39+O39 -> 0 | P40: =P39+Q39 -> 0
E41: =E40+G40+I40 -> 0
B46: وزارة الداخليـــــــة | F46: الكشف اليومي في عدد محاولي الاجتياز حسب الولايات ليوم | Q46: =Q2 -> 2026/01/11 | S46: (الحدود البرية)
B47: الإدارة العامة للحرس الوطني
B48: إدارة عمليات الحرس الوطني
B50: الاقاليم | C50: عدد العمليات | D50: مكان انطلاق العملية | E50: عدد محاولي الاجتياز | K50: الفئة العمرية | N50: عدد الموقوفين | P50: عدد المنظمين | Q50: عدد الوسطاء | R50: معطيات حول منظم العملية | S50: الاطراف الامنية المورطة | T50: معطيات حول الأطراف الامنية | U50: منظمين و وسطاء مفتش عنهم | V50: المفتش عنهم | W50: العناصر السلفية | X50: مراكب | Y50: محركات | Z50: زورق | AA50: سيارات | AB50: شاحنة | AC50: درجات نارية | AD50: دينار تونسي | AE50: عملة اجنبية | AG50: هواتف جوالة | AH50: لتر بنزين | AI50: بوصلة | AJ50: جمازات | AK50: كاياك | AL50: ناقلة | AM50: مختلفة | AN50: المحجوز
E51: تونسيين | G51: افارقة | I51: جنسيات أخرى | K51: أقل من 18 سنة | L51: بين 18و 40سنة | M51: أكثر من40 سنة | N51: تونسيين | O51: أجانب | AE51: دولار | AF51: الأورو
E52: ذكور | F52: أنثى | G52: ذكور | H52: أنثى | I52: ذكور | J52: أنثى
B53: =برا!A2 -> نابل | C53: =IF(ISBLANK(VLOOKUP($B53,برا!$A$2:AJ31,3,FALSE)),"",VLOOKUP($B53,برا!$A$2:AJ31,3,FALSE)) | D53: =IF(ISBLANK(VLOOKUP($B53,برا!$A$2:AK31,2,FALSE)),"",VLOOKUP($B53,برا!$A$2:AK31,2,FALSE)) | E53: =IF(ISBLANK(VLOOKUP($B53,برا!$A$2:AG31,4,FALSE)),"",VLOOKUP($B53,برا!$A$2:AG31,4,FALSE)) | F53: =IF(ISBLANK(VLOOKUP($B53,برا!$A$2:AG31,5,FALSE)),"",VLOOKUP($B53,برا!$A$2:AG31,5,FALSE)) | G53: =IF(ISBLANK(VLOOKUP($B53,برا!$A$2:AG31,6,FALSE)),"",VLOOKUP($B53,برا!$A$2:AG31,6,FALSE)) | H53: =IF(ISBLANK(VLOOKUP($B53,برا!$A$2:AE31,7,FALSE)),"",VLOOKUP($B53,برا!$A$2:AE31,7,FALSE)) | I53: =IF(ISBLANK(VLOOKUP($B53,برا!$A$2:AF31,8,FALSE)),"",VLOOKUP($B53,برا!$A$2:AF31,8,FALSE)) | J53: =IF(ISBLANK(VLOOKUP($B53,برا!$A$2:AG31,9,FALSE)),"",VLOOKUP($B53,برا!$A$2:AG31,9,FALSE)) | K53: =IF(ISBLANK(VLOOKUP($B53,برا!$A$2:AJ31,10,FALSE)),"",VLOOKUP($B53,برا!$A$2:AJ31,10,FALSE)) | L53: =IF(ISBLANK(VLOOKUP($B53,برا!$A$2:AK31,11,FALSE)),"",VLOOKUP($B53,برا!$A$2:AK31,11,FALSE)) | M53: =IF(ISBLANK(VLOOKUP($B53,برا!$A$2:AK31,12,FALSE)),"",VLOOKUP($B53,برا!$A$2:AK31,12,FALSE)) | N53: =IF(ISBLANK(VLOOKUP($B53,برا!$A$2:AL31,13,FALSE)),"",VLOOKUP($B53,برا!$A$2:AL31,13,FALSE)) | O53: =IF(ISBLANK(VLOOKUP($B53,برا!$A$2:AM31,14,FALSE)),"",VLOOKUP($B53,برا!$A$2:AM31,14,FALSE)) | P53: =IF(ISBLANK(VLOOKUP($B53,برا!$A$2:AN31,15,FALSE)),"",VLOOKUP($B53,برا!$A$2:AN31,15,FALSE)) | Q53: =IF(ISBLANK(VLOOKUP($B53,برا!$A$2:AO31,16,FALSE)),"",VLOOKUP($B53,برا!$A$2:AO31,16,FALSE)) | S53: =IF(ISBLANK(VLOOKUP($B53,برا!$A$2:AQ31,17,FALSE)),"",VLOOKUP($B53,برا!$A$2:AQ31,17,FALSE)) | U53: =IF(ISBLANK(VLOOKUP($B53,برا!$A$2:AS31,18,FALSE)),"",VLOOKUP($B53,برا!$A$2:AS31,18,FALSE)) | V53: =IF(ISBLANK(VLOOKUP($B53,برا!$A$2:AT31,19,FALSE)),"",VLOOKUP($B53,برا!$A$2:AT31,19,FALSE)) | W53: =IF(ISBLANK(VLOOKUP($B53,برا!$A$2:AU31,20,FALSE)),"",VLOOKUP($B53,برا!$A$2:AU31,20,FALSE)) | X53: =IF(ISBLANK(VLOOKUP($B53,برا!$A$2:AU31,21,FALSE)),0,VLOOKUP($B53,برا!$A$2:AU31,21,FALSE)) -> 0 | Y53: =IF(ISBLANK(VLOOKUP($B53,برا!$A$2:AV31,22,FALSE)),0,VLOOKUP($B53,برا!$A$2:AV31,22,FALSE)) -> 0 | Z53: =IF(ISBLANK(VLOOKUP($B53,برا!$A$2:AW31,23,FALSE)),0,VLOOKUP($B53,برا!$A$2:AW31,23,FALSE)) -> 0 | AA53: =IF(ISBLANK(VLOOKUP($B53,برا!$A$2:AX31,24,FALSE)),0,VLOOKUP($B53,برا!$A$2:AX31,24,FALSE)) -> 0 | AB53: =IF(ISBLANK(VLOOKUP($B53,برا!$A$2:AY31,25,FALSE)),0,VLOOKUP($B53,برا!$A$2:AY31,25,FALSE)) -> 0 | AC53: =IF(ISBLANK(VLOOKUP($B53,برا!$A$2:AZ31,26,FALSE)),0,VLOOKUP($B53,برا!$A$2:AZ31,26,FALSE)) -> 0 | AD53: =IF(ISBLANK(VLOOKUP($B53,برا!$A$2:BA31,27,FALSE)),0,VLOOKUP($B53,برا!$A$2:BA31,27,FALSE)) -> 0 | AE53: =IF(ISBLANK(VLOOKUP($B53,برا!$A$2:BB31,28,FALSE)),0,VLOOKUP($B53,برا!$A$2:BB31,28,FALSE)) -> 0 | AF53: =IF(ISBLANK(VLOOKUP($B53,برا!$A$2:BC31,29,FALSE)),0,VLOOKUP($B53,برا!$A$2:BC31,29,FALSE)) -> 0 | AG53: =IF(ISBLANK(VLOOKUP($B53,برا!$A$2:BD31,30,FALSE)),0,VLOOKUP($B53,برا!$A$2:BD31,30,FALSE)) -> 0 | AH53: =IF(ISBLANK(VLOOKUP($B53,برا!$A$2:BE31,31,FALSE)),0,VLOOKUP($B53,برا!$A$2:BE31,31,FALSE)) -> 0 | AI53: =IF(ISBLANK(VLOOKUP($B53,برا!$A$2:BF31,32,FALSE)),0,VLOOKUP($B53,برا!$A$2:BF31,32,FALSE)) -> 0 | AJ53: =IF(ISBLANK(VLOOKUP($B53,برا!$A$2:BG31,33,FALSE)),0,VLOOKUP($B53,برا!$A$2:BG31,33,FALSE)) -> 0 | AK53: =IF(ISBLANK(VLOOKUP($B53,برا!$A$2:BH31,34,FALSE)),0,VLOOKUP($B53,برا!$A$2:BH31,34,FALSE)) -> 0 | AL53: =IF(ISBLANK(VLOOKUP($B53,برا!$A$2:BI31,35,FALSE)),0,VLOOKUP($B53,برا!$A$2:BI31,35,FALSE)) -> 0 | AM53: =IF(ISBLANK(VLOOKUP($B53,برا!$A$2:BJ31,36,FALSE)),0,VLOOKUP($B53,برا!$A$2:BJ31,36,FALSE)) -> 0 | AN53: =IF(X53>0,X53 & " "& $X$50 & " / ", " ") & IF(Y53>0,Y53 & " "&$Y$50 & " / ", " ") & IF(Z53>0,Z53 & " "& $Z$50 & " / ", " ") & IF(AA53>0,AA53 & " "& $AA$50 & " / ", " ")& IF(AB53>0,AB53 & " "& $AB$50 & " / ", " ") & IF(AC53>0,AC53 & " "& $AC$50 & " / ", " ") & IF(AG53>0,AG53 & " "& $AG$50 & " / ", " ") & IF(AH53>0,AH53 & " "& $AH$50 & " / ", " ") & IF(AI53>0,AI53 & " "& $AI$50 & " / ", " ") & IF(AJ53>0,AJ53 & " "& $AJ$50 & " / ", " ")& IF(AD53>0,AD53 & " "& $AD$50 & " / ", " ")& IF(AE53>0,AE53 & " "& $AE$51 & " / ", " ")& IF(AF53>0,AF53 & " "& $AF$51 & " / ", " ")& IF(AK53>0,AK53 & " "&$AK$50 & " / ", " ") & IF(AL53>0,AL53 & " "&$AL$50 & " / ", " ")& IF(AM53>0,AM53 & " "& " / ", " ")
B54: =برا!A3 -> مدنين | C54: =IF(ISBLANK(VLOOKUP($B54,برا!$A$2:AJ32,3,FALSE)),"",VLOOKUP($B54,برا!$A$2:AJ32,3,FALSE)) | D54: =IF(ISBLANK(VLOOKUP($B54,برا!$A$2:AK32,2,FALSE)),"",VLOOKUP($B54,برا!$A$2:AK32,2,FALSE)) | E54: =IF(ISBLANK(VLOOKUP($B54,برا!$A$2:AG32,4,FALSE)),"",VLOOKUP($B54,برا!$A$2:AG32,4,FALSE)) | F54: =IF(ISBLANK(VLOOKUP($B54,برا!$A$2:AG32,5,FALSE)),"",VLOOKUP($B54,برا!$A$2:AG32,5,FALSE)) | G54: =IF(ISBLANK(VLOOKUP($B54,برا!$A$2:AG32,6,FALSE)),"",VLOOKUP($B54,برا!$A$2:AG32,6,FALSE)) | H54: =IF(ISBLANK(VLOOKUP($B54,برا!$A$2:AE32,7,FALSE)),"",VLOOKUP($B54,برا!$A$2:AE32,7,FALSE)) | I54: =IF(ISBLANK(VLOOKUP($B54,برا!$A$2:AF32,8,FALSE)),"",VLOOKUP($B54,برا!$A$2:AF32,8,FALSE)) | J54: =IF(ISBLANK(VLOOKUP($B54,برا!$A$2:AG32,9,FALSE)),"",VLOOKUP($B54,برا!$A$2:AG32,9,FALSE)) | K54: =IF(ISBLANK(VLOOKUP($B54,برا!$A$2:AJ32,10,FALSE)),"",VLOOKUP($B54,برا!$A$2:AJ32,10,FALSE)) | L54: =IF(ISBLANK(VLOOKUP($B54,برا!$A$2:AK32,11,FALSE)),"",VLOOKUP($B54,برا!$A$2:AK32,11,FALSE)) | M54: =IF(ISBLANK(VLOOKUP($B54,برا!$A$2:AK32,12,FALSE)),"",VLOOKUP($B54,برا!$A$2:AK32,12,FALSE)) | N54: =IF(ISBLANK(VLOOKUP($B54,برا!$A$2:AL32,13,FALSE)),"",VLOOKUP($B54,برا!$A$2:AL32,13,FALSE)) | O54: =IF(ISBLANK(VLOOKUP($B54,برا!$A$2:AM32,14,FALSE)),"",VLOOKUP($B54,برا!$A$2:AM32,14,FALSE)) | P54: =IF(ISBLANK(VLOOKUP($B54,برا!$A$2:AN32,15,FALSE)),"",VLOOKUP($B54,برا!$A$2:AN32,15,FALSE)) | Q54: =IF(ISBLANK(VLOOKUP($B54,برا!$A$2:AO32,16,FALSE)),"",VLOOKUP($B54,برا!$A$2:AO32,16,FALSE)) | S54: =IF(ISBLANK(VLOOKUP($B54,برا!$A$2:AQ32,17,FALSE)),"",VLOOKUP($B54,برا!$A$2:AQ32,17,FALSE)) | U54: =IF(ISBLANK(VLOOKUP($B54,برا!$A$2:AS32,18,FALSE)),"",VLOOKUP($B54,برا!$A$2:AS32,18,FALSE)) | V54: =IF(ISBLANK(VLOOKUP($B54,برا!$A$2:AT32,19,FALSE)),"",VLOOKUP($B54,برا!$A$2:AT32,19,FALSE)) | W54: =IF(ISBLANK(VLOOKUP($B54,برا!$A$2:AU32,20,FALSE)),"",VLOOKUP($B54,برا!$A$2:AU32,20,FALSE)) | X54: =IF(ISBLANK(VLOOKUP($B54,برا!$A$2:AU32,21,FALSE)),0,VLOOKUP($B54,برا!$A$2:AU32,21,FALSE)) -> 0 | Y54: =IF(ISBLANK(VLOOKUP($B54,برا!$A$2:AV32,22,FALSE)),0,VLOOKUP($B54,برا!$A$2:AV32,22,FALSE)) -> 0 | Z54: =IF(ISBLANK(VLOOKUP($B54,برا!$A$2:AW32,23,FALSE)),0,VLOOKUP($B54,برا!$A$2:AW32,23,FALSE)) -> 0 | AA54: =IF(ISBLANK(VLOOKUP($B54,برا!$A$2:AX32,24,FALSE)),0,VLOOKUP($B54,برا!$A$2:AX32,24,FALSE)) -> 0 | AB54: =IF(ISBLANK(VLOOKUP($B54,برا!$A$2:AY32,25,FALSE)),0,VLOOKUP($B54,برا!$A$2:AY32,25,FALSE)) -> 0 | AC54: =IF(ISBLANK(VLOOKUP($B54,برا!$A$2:AZ32,26,FALSE)),0,VLOOKUP($B54,برا!$A$2:AZ32,26,FALSE)) -> 0 | AD54: =IF(ISBLANK(VLOOKUP($B54,برا!$A$2:BA32,27,FALSE)),0,VLOOKUP($B54,برا!$A$2:BA32,27,FALSE)) -> 0 | AE54: =IF(ISBLANK(VLOOKUP($B54,برا!$A$2:BB32,28,FALSE)),0,VLOOKUP($B54,برا!$A$2:BB32,28,FALSE)) -> 0 | AF54: =IF(ISBLANK(VLOOKUP($B54,برا!$A$2:BC32,29,FALSE)),0,VLOOKUP($B54,برا!$A$2:BC32,29,FALSE)) -> 0 | AG54: =IF(ISBLANK(VLOOKUP($B54,برا!$A$2:BD32,30,FALSE)),0,VLOOKUP($B54,برا!$A$2:BD32,30,FALSE)) -> 0 | AH54: =IF(ISBLANK(VLOOKUP($B54,برا!$A$2:BE32,31,FALSE)),0,VLOOKUP($B54,برا!$A$2:BE32,31,FALSE)) -> 0 | AI54: =IF(ISBLANK(VLOOKUP($B54,برا!$A$2:BF32,32,FALSE)),0,VLOOKUP($B54,برا!$A$2:BF32,32,FALSE)) -> 0 | AJ54: =IF(ISBLANK(VLOOKUP($B54,برا!$A$2:BG32,33,FALSE)),0,VLOOKUP($B54,برا!$A$2:BG32,33,FALSE)) -> 0 | AK54: =IF(ISBLANK(VLOOKUP($B54,برا!$A$2:BH32,34,FALSE)),0,VLOOKUP($B54,برا!$A$2:BH32,34,FALSE)) -> 0 | AL54: =IF(ISBLANK(VLOOKUP($B54,برا!$A$2:BI32,35,FALSE)),0,VLOOKUP($B54,برا!$A$2:BI32,35,FALSE)) -> 0 | AM54: =IF(ISBLANK(VLOOKUP($B54,برا!$A$2:BJ32,36,FALSE)),0,VLOOKUP($B54,برا!$A$2:BJ32,36,FALSE)) -> 0 | AN54: =IF(X54>0,X54 & " "& $X$50 & " / ", " ") & IF(Y54>0,Y54 & " "&$Y$50 & " / ", " ") & IF(Z54>0,Z54 & " "& $Z$50 & " / ", " ") & IF(AA54>0,AA54 & " "& $AA$50 & " / ", " ")& IF(AB54>0,AB54 & " "& $AB$50 & " / ", " ") & IF(AC54>0,AC54 & " "& $AC$50 & " / ", " ") & IF(AG54>0,AG54 & " "& $AG$50 & " / ", " ") & IF(AH54>0,AH54 & " "& $AH$50 & " / ", " ") & IF(AI54>0,AI54 & " "& $AI$50 & " / ", " ") & IF(AJ54>0,AJ54 & " "& $AJ$50 & " / ", " ")& IF(AD54>0,AD54 & " "& $AD$50 & " / ", " ")& IF(AE54>0,AE54 & " "& $AE$51 & " / ", " ")& IF(AF54>0,AF54 & " "& $AF$51 & " / ", " ")& IF(AK54>0,AK54 & " "&$AK$50 & " / ", " ") & IF(AL54>0,AL54 & " "&$AL$50 & " / ", " ")& IF(AM54>0,AM54 & " "& " / ", " ")
B55: =برا!A4 -> قفصة | C55: =IF(ISBLANK(VLOOKUP($B55,برا!$A$2:AJ33,3,FALSE)),"",VLOOKUP($B55,برا!$A$2:AJ33,3,FALSE)) | D55: =IF(ISBLANK(VLOOKUP($B55,برا!$A$2:AK33,2,FALSE)),"",VLOOKUP($B55,برا!$A$2:AK33,2,FALSE)) | E55: =IF(ISBLANK(VLOOKUP($B55,برا!$A$2:AG33,4,FALSE)),"",VLOOKUP($B55,برا!$A$2:AG33,4,FALSE)) | F55: =IF(ISBLANK(VLOOKUP($B55,برا!$A$2:AG33,5,FALSE)),"",VLOOKUP($B55,برا!$A$2:AG33,5,FALSE)) | G55: =IF(ISBLANK(VLOOKUP($B55,برا!$A$2:AG33,6,FALSE)),"",VLOOKUP($B55,برا!$A$2:AG33,6,FALSE)) | H55: =IF(ISBLANK(VLOOKUP($B55,برا!$A$2:AE33,7,FALSE)),"",VLOOKUP($B55,برا!$A$2:AE33,7,FALSE)) | I55: =IF(ISBLANK(VLOOKUP($B55,برا!$A$2:AF33,8,FALSE)),"",VLOOKUP($B55,برا!$A$2:AF33,8,FALSE)) | J55: =IF(ISBLANK(VLOOKUP($B55,برا!$A$2:AG33,9,FALSE)),"",VLOOKUP($B55,برا!$A$2:AG33,9,FALSE)) | K55: =IF(ISBLANK(VLOOKUP($B55,برا!$A$2:AJ33,10,FALSE)),"",VLOOKUP($B55,برا!$A$2:AJ33,10,FALSE)) | L55: =IF(ISBLANK(VLOOKUP($B55,برا!$A$2:AK33,11,FALSE)),"",VLOOKUP($B55,برا!$A$2:AK33,11,FALSE)) | M55: =IF(ISBLANK(VLOOKUP($B55,برا!$A$2:AK33,12,FALSE)),"",VLOOKUP($B55,برا!$A$2:AK33,12,FALSE)) | N55: =IF(ISBLANK(VLOOKUP($B55,برا!$A$2:AL33,13,FALSE)),"",VLOOKUP($B55,برا!$A$2:AL33,13,FALSE)) | O55: =IF(ISBLANK(VLOOKUP($B55,برا!$A$2:AM33,14,FALSE)),"",VLOOKUP($B55,برا!$A$2:AM33,14,FALSE)) | P55: =IF(ISBLANK(VLOOKUP($B55,برا!$A$2:AN33,15,FALSE)),"",VLOOKUP($B55,برا!$A$2:AN33,15,FALSE)) | Q55: =IF(ISBLANK(VLOOKUP($B55,برا!$A$2:AO33,16,FALSE)),"",VLOOKUP($B55,برا!$A$2:AO33,16,FALSE)) | S55: =IF(ISBLANK(VLOOKUP($B55,برا!$A$2:AQ33,17,FALSE)),"",VLOOKUP($B55,برا!$A$2:AQ33,17,FALSE)) | U55: =IF(ISBLANK(VLOOKUP($B55,برا!$A$2:AS33,18,FALSE)),"",VLOOKUP($B55,برا!$A$2:AS33,18,FALSE)) | V55: =IF(ISBLANK(VLOOKUP($B55,برا!$A$2:AT33,19,FALSE)),"",VLOOKUP($B55,برا!$A$2:AT33,19,FALSE)) | W55: =IF(ISBLANK(VLOOKUP($B55,برا!$A$2:AU33,20,FALSE)),"",VLOOKUP($B55,برا!$A$2:AU33,20,FALSE)) | X55: =IF(ISBLANK(VLOOKUP($B55,برا!$A$2:AU33,21,FALSE)),0,VLOOKUP($B55,برا!$A$2:AU33,21,FALSE)) -> 0 | Y55: =IF(ISBLANK(VLOOKUP($B55,برا!$A$2:AV33,22,FALSE)),0,VLOOKUP($B55,برا!$A$2:AV33,22,FALSE)) -> 0 | Z55: =IF(ISBLANK(VLOOKUP($B55,برا!$A$2:AW33,23,FALSE)),0,VLOOKUP($B55,برا!$A$2:AW33,23,FALSE)) -> 0 | AA55: =IF(ISBLANK(VLOOKUP($B55,برا!$A$2:AX33,24,FALSE)),0,VLOOKUP($B55,برا!$A$2:AX33,24,FALSE)) -> 0 | AB55: =IF(ISBLANK(VLOOKUP($B55,برا!$A$2:AY33,25,FALSE)),0,VLOOKUP($B55,برا!$A$2:AY33,25,FALSE)) -> 0 | AC55: =IF(ISBLANK(VLOOKUP($B55,برا!$A$2:AZ33,26,FALSE)),0,VLOOKUP($B55,برا!$A$2:AZ33,26,FALSE)) -> 0 | AD55: =IF(ISBLANK(VLOOKUP($B55,برا!$A$2:BA33,27,FALSE)),0,VLOOKUP($B55,برا!$A$2:BA33,27,FALSE)) -> 0 | AE55: =IF(ISBLANK(VLOOKUP($B55,برا!$A$2:BB33,28,FALSE)),0,VLOOKUP($B55,برا!$A$2:BB33,28,FALSE)) -> 0 | AF55: =IF(ISBLANK(VLOOKUP($B55,برا!$A$2:BC33,29,FALSE)),0,VLOOKUP($B55,برا!$A$2:BC33,29,FALSE)) -> 0 | AG55: =IF(ISBLANK(VLOOKUP($B55,برا!$A$2:BD33,30,FALSE)),0,VLOOKUP($B55,برا!$A$2:BD33,30,FALSE)) -> 0 | AH55: =IF(ISBLANK(VLOOKUP($B55,برا!$A$2:BE33,31,FALSE)),0,VLOOKUP($B55,برا!$A$2:BE33,31,FALSE)) -> 0 | AI55: =IF(ISBLANK(VLOOKUP($B55,برا!$A$2:BF33,32,FALSE)),0,VLOOKUP($B55,برا!$A$2:BF33,32,FALSE)) -> 0 | AJ55: =IF(ISBLANK(VLOOKUP($B55,برا!$A$2:BG33,33,FALSE)),0,VLOOKUP($B55,برا!$A$2:BG33,33,FALSE)) -> 0 | AK55: =IF(ISBLANK(VLOOKUP($B55,برا!$A$2:BH33,34,FALSE)),0,VLOOKUP($B55,برا!$A$2:BH33,34,FALSE)) -> 0 | AL55: =IF(ISBLANK(VLOOKUP($B55,برا!$A$2:BI33,35,FALSE)),0,VLOOKUP($B55,برا!$A$2:BI33,35,FALSE)) -> 0 | AM55: =IF(ISBLANK(VLOOKUP($B55,برا!$A$2:BJ33,36,FALSE)),0,VLOOKUP($B55,برا!$A$2:BJ33,36,FALSE)) -> 0 | AN55: =IF(X55>0,X55 & " "& $X$50 & " / ", " ") & IF(Y55>0,Y55 & " "&$Y$50 & " / ", " ") & IF(Z55>0,Z55 & " "& $Z$50 & " / ", " ") & IF(AA55>0,AA55 & " "& $AA$50 & " / ", " ")& IF(AB55>0,AB55 & " "& $AB$50 & " / ", " ") & IF(AC55>0,AC55 & " "& $AC$50 & " / ", " ") & IF(AG55>0,AG55 & " "& $AG$50 & " / ", " ") & IF(AH55>0,AH55 & " "& $AH$50 & " / ", " ") & IF(AI55>0,AI55 & " "& $AI$50 & " / ", " ") & IF(AJ55>0,AJ55 & " "& $AJ$50 & " / ", " ")& IF(AD55>0,AD55 & " "& $AD$50 & " / ", " ")& IF(AE55>0,AE55 & " "& $AE$51 & " / ", " ")& IF(AF55>0,AF55 & " "& $AF$51 & " / ", " ")& IF(AK55>0,AK55 & " "&$AK$50 & " / ", " ") & IF(AL55>0,AL55 & " "&$AL$50 & " / ", " ")& IF(AM55>0,AM55 & " "& " / ", " ")
B56: =برا!A5 -> قبلي | C56: =IF(ISBLANK(VLOOKUP($B56,برا!$A$2:AJ34,3,FALSE)),"",VLOOKUP($B56,برا!$A$2:AJ34,3,FALSE)) | D56: =IF(ISBLANK(VLOOKUP($B56,برا!$A$2:AK34,2,FALSE)),"",VLOOKUP($B56,برا!$A$2:AK34,2,FALSE)) | E56: =IF(ISBLANK(VLOOKUP($B56,برا!$A$2:AG34,4,FALSE)),"",VLOOKUP($B56,برا!$A$2:AG34,4,FALSE)) | F56: =IF(ISBLANK(VLOOKUP($B56,برا!$A$2:AG34,5,FALSE)),"",VLOOKUP($B56,برا!$A$2:AG34,5,FALSE)) | G56: =IF(ISBLANK(VLOOKUP($B56,برا!$A$2:AG34,6,FALSE)),"",VLOOKUP($B56,برا!$A$2:AG34,6,FALSE)) | H56: =IF(ISBLANK(VLOOKUP($B56,برا!$A$2:AE34,7,FALSE)),"",VLOOKUP($B56,برا!$A$2:AE34,7,FALSE)) | I56: =IF(ISBLANK(VLOOKUP($B56,برا!$A$2:AF34,8,FALSE)),"",VLOOKUP($B56,برا!$A$2:AF34,8,FALSE)) | J56: =IF(ISBLANK(VLOOKUP($B56,برا!$A$2:AG34,9,FALSE)),"",VLOOKUP($B56,برا!$A$2:AG34,9,FALSE)) | K56: =IF(ISBLANK(VLOOKUP($B56,برا!$A$2:AJ34,10,FALSE)),"",VLOOKUP($B56,برا!$A$2:AJ34,10,FALSE)) | L56: =IF(ISBLANK(VLOOKUP($B56,برا!$A$2:AK34,11,FALSE)),"",VLOOKUP($B56,برا!$A$2:AK34,11,FALSE)) | M56: =IF(ISBLANK(VLOOKUP($B56,برا!$A$2:AK34,12,FALSE)),"",VLOOKUP($B56,برا!$A$2:AK34,12,FALSE)) | N56: =IF(ISBLANK(VLOOKUP($B56,برا!$A$2:AL34,13,FALSE)),"",VLOOKUP($B56,برا!$A$2:AL34,13,FALSE)) | O56: =IF(ISBLANK(VLOOKUP($B56,برا!$A$2:AM34,14,FALSE)),"",VLOOKUP($B56,برا!$A$2:AM34,14,FALSE)) | P56: =IF(ISBLANK(VLOOKUP($B56,برا!$A$2:AN34,15,FALSE)),"",VLOOKUP($B56,برا!$A$2:AN34,15,FALSE)) | Q56: =IF(ISBLANK(VLOOKUP($B56,برا!$A$2:AO34,16,FALSE)),"",VLOOKUP($B56,برا!$A$2:AO34,16,FALSE)) | S56: =IF(ISBLANK(VLOOKUP($B56,برا!$A$2:AQ34,17,FALSE)),"",VLOOKUP($B56,برا!$A$2:AQ34,17,FALSE)) | U56: =IF(ISBLANK(VLOOKUP($B56,برا!$A$2:AS34,18,FALSE)),"",VLOOKUP($B56,برا!$A$2:AS34,18,FALSE)) | V56: =IF(ISBLANK(VLOOKUP($B56,برا!$A$2:AT34,19,FALSE)),"",VLOOKUP($B56,برا!$A$2:AT34,19,FALSE)) | W56: =IF(ISBLANK(VLOOKUP($B56,برا!$A$2:AU34,20,FALSE)),"",VLOOKUP($B56,برا!$A$2:AU34,20,FALSE)) | X56: =IF(ISBLANK(VLOOKUP($B56,برا!$A$2:AU34,21,FALSE)),0,VLOOKUP($B56,برا!$A$2:AU34,21,FALSE)) -> 0 | Y56: =IF(ISBLANK(VLOOKUP($B56,برا!$A$2:AV34,22,FALSE)),0,VLOOKUP($B56,برا!$A$2:AV34,22,FALSE)) -> 0 | Z56: =IF(ISBLANK(VLOOKUP($B56,برا!$A$2:AW34,23,FALSE)),0,VLOOKUP($B56,برا!$A$2:AW34,23,FALSE)) -> 0 | AA56: =IF(ISBLANK(VLOOKUP($B56,برا!$A$2:AX34,24,FALSE)),0,VLOOKUP($B56,برا!$A$2:AX34,24,FALSE)) -> 0 | AB56: =IF(ISBLANK(VLOOKUP($B56,برا!$A$2:AY34,25,FALSE)),0,VLOOKUP($B56,برا!$A$2:AY34,25,FALSE)) -> 0 | AC56: =IF(ISBLANK(VLOOKUP($B56,برا!$A$2:AZ34,26,FALSE)),0,VLOOKUP($B56,برا!$A$2:AZ34,26,FALSE)) -> 0 | AD56: =IF(ISBLANK(VLOOKUP($B56,برا!$A$2:BA34,27,FALSE)),0,VLOOKUP($B56,برا!$A$2:BA34,27,FALSE)) -> 0 | AE56: =IF(ISBLANK(VLOOKUP($B56,برا!$A$2:BB34,28,FALSE)),0,VLOOKUP($B56,برا!$A$2:BB34,28,FALSE)) -> 0 | AF56: =IF(ISBLANK(VLOOKUP($B56,برا!$A$2:BC34,29,FALSE)),0,VLOOKUP($B56,برا!$A$2:BC34,29,FALSE)) -> 0 | AG56: =IF(ISBLANK(VLOOKUP($B56,برا!$A$2:BD34,30,FALSE)),0,VLOOKUP($B56,برا!$A$2:BD34,30,FALSE)) -> 0 | AH56: =IF(ISBLANK(VLOOKUP($B56,برا!$A$2:BE34,31,FALSE)),0,VLOOKUP($B56,برا!$A$2:BE34,31,FALSE)) -> 0 | AI56: =IF(ISBLANK(VLOOKUP($B56,برا!$A$2:BF34,32,FALSE)),0,VLOOKUP($B56,برا!$A$2:BF34,32,FALSE)) -> 0 | AJ56: =IF(ISBLANK(VLOOKUP($B56,برا!$A$2:BG34,33,FALSE)),0,VLOOKUP($B56,برا!$A$2:BG34,33,FALSE)) -> 0 | AK56: =IF(ISBLANK(VLOOKUP($B56,برا!$A$2:BH34,34,FALSE)),0,VLOOKUP($B56,برا!$A$2:BH34,34,FALSE)) -> 0 | AL56: =IF(ISBLANK(VLOOKUP($B56,برا!$A$2:BI34,35,FALSE)),0,VLOOKUP($B56,برا!$A$2:BI34,35,FALSE)) -> 0 | AM56: =IF(ISBLANK(VLOOKUP($B56,برا!$A$2:BJ34,36,FALSE)),0,VLOOKUP($B56,برا!$A$2:BJ34,36,FALSE)) -> 0 | AN56: =IF(X56>0,X56 & " "& $X$50 & " / ", " ") & IF(Y56>0,Y56 & " "&$Y$50 & " / ", " ") & IF(Z56>0,Z56 & " "& $Z$50 & " / ", " ") & IF(AA56>0,AA56 & " "& $AA$50 & " / ", " ")& IF(AB56>0,AB56 & " "& $AB$50 & " / ", " ") & IF(AC56>0,AC56 & " "& $AC$50 & " / ", " ") & IF(AG56>0,AG56 & " "& $AG$50 & " / ", " ") & IF(AH56>0,AH56 & " "& $AH$50 & " / ", " ") & IF(AI56>0,AI56 & " "& $AI$50 & " / ", " ") & IF(AJ56>0,AJ56 & " "& $AJ$50 & " / ", " ")& IF(AD56>0,AD56 & " "& $AD$50 & " / ", " ")& IF(AE56>0,AE56 & " "& $AE$51 & " / ", " ")& IF(AF56>0,AF56 & " "& $AF$51 & " / ", " ")& IF(AK56>0,AK56 & " "&$AK$50 & " / ", " ") & IF(AL56>0,AL56 & " "&$AL$50 & " / ", " ")& IF(AM56>0,AM56 & " "& " / ", " ")
B57: =برا!A6 -> قابس | C57: =IF(ISBLANK(VLOOKUP($B57,برا!$A$2:AJ35,3,FALSE)),"",VLOOKUP($B57,برا!$A$2:AJ35,3,FALSE)) | D57: =IF(ISBLANK(VLOOKUP($B57,برا!$A$2:AK35,2,FALSE)),"",VLOOKUP($B57,برا!$A$2:AK35,2,FALSE)) | E57: =IF(ISBLANK(VLOOKUP($B57,برا!$A$2:AG35,4,FALSE)),"",VLOOKUP($B57,برا!$A$2:AG35,4,FALSE)) | F57: =IF(ISBLANK(VLOOKUP($B57,برا!$A$2:AG35,5,FALSE)),"",VLOOKUP($B57,برا!$A$2:AG35,5,FALSE)) | G57: =IF(ISBLANK(VLOOKUP($B57,برا!$A$2:AG35,6,FALSE)),"",VLOOKUP($B57,برا!$A$2:AG35,6,FALSE)) | H57: =IF(ISBLANK(VLOOKUP($B57,برا!$A$2:AE35,7,FALSE)),"",VLOOKUP($B57,برا!$A$2:AE35,7,FALSE)) | I57: =IF(ISBLANK(VLOOKUP($B57,برا!$A$2:AF35,8,FALSE)),"",VLOOKUP($B57,برا!$A$2:AF35,8,FALSE)) | J57: =IF(ISBLANK(VLOOKUP($B57,برا!$A$2:AG35,9,FALSE)),"",VLOOKUP($B57,برا!$A$2:AG35,9,FALSE)) | K57: =IF(ISBLANK(VLOOKUP($B57,برا!$A$2:AJ35,10,FALSE)),"",VLOOKUP($B57,برا!$A$2:AJ35,10,FALSE)) | L57: =IF(ISBLANK(VLOOKUP($B57,برا!$A$2:AK35,11,FALSE)),"",VLOOKUP($B57,برا!$A$2:AK35,11,FALSE)) | M57: =IF(ISBLANK(VLOOKUP($B57,برا!$A$2:AK35,12,FALSE)),"",VLOOKUP($B57,برا!$A$2:AK35,12,FALSE)) | N57: =IF(ISBLANK(VLOOKUP($B57,برا!$A$2:AL35,13,FALSE)),"",VLOOKUP($B57,برا!$A$2:AL35,13,FALSE)) | O57: =IF(ISBLANK(VLOOKUP($B57,برا!$A$2:AM35,14,FALSE)),"",VLOOKUP($B57,برا!$A$2:AM35,14,FALSE)) | P57: =IF(ISBLANK(VLOOKUP($B57,برا!$A$2:AN35,15,FALSE)),"",VLOOKUP($B57,برا!$A$2:AN35,15,FALSE)) | Q57: =IF(ISBLANK(VLOOKUP($B57,برا!$A$2:AO35,16,FALSE)),"",VLOOKUP($B57,برا!$A$2:AO35,16,FALSE)) | S57: =IF(ISBLANK(VLOOKUP($B57,برا!$A$2:AQ35,17,FALSE)),"",VLOOKUP($B57,برا!$A$2:AQ35,17,FALSE)) | U57: =IF(ISBLANK(VLOOKUP($B57,برا!$A$2:AS35,18,FALSE)),"",VLOOKUP($B57,برا!$A$2:AS35,18,FALSE)) | V57: =IF(ISBLANK(VLOOKUP($B57,برا!$A$2:AT35,19,FALSE)),"",VLOOKUP($B57,برا!$A$2:AT35,19,FALSE)) | W57: =IF(ISBLANK(VLOOKUP($B57,برا!$A$2:AU35,20,FALSE)),"",VLOOKUP($B57,برا!$A$2:AU35,20,FALSE)) | X57: =IF(ISBLANK(VLOOKUP($B57,برا!$A$2:AU35,21,FALSE)),0,VLOOKUP($B57,برا!$A$2:AU35,21,FALSE)) -> 0 | Y57: =IF(ISBLANK(VLOOKUP($B57,برا!$A$2:AV35,22,FALSE)),0,VLOOKUP($B57,برا!$A$2:AV35,22,FALSE)) -> 0 | Z57: =IF(ISBLANK(VLOOKUP($B57,برا!$A$2:AW35,23,FALSE)),0,VLOOKUP($B57,برا!$A$2:AW35,23,FALSE)) -> 0 | AA57: =IF(ISBLANK(VLOOKUP($B57,برا!$A$2:AX35,24,FALSE)),0,VLOOKUP($B57,برا!$A$2:AX35,24,FALSE)) -> 0 | AB57: =IF(ISBLANK(VLOOKUP($B57,برا!$A$2:AY35,25,FALSE)),0,VLOOKUP($B57,برا!$A$2:AY35,25,FALSE)) -> 0 | AC57: =IF(ISBLANK(VLOOKUP($B57,برا!$A$2:AZ35,26,FALSE)),0,VLOOKUP($B57,برا!$A$2:AZ35,26,FALSE)) -> 0 | AD57: =IF(ISBLANK(VLOOKUP($B57,برا!$A$2:BA35,27,FALSE)),0,VLOOKUP($B57,برا!$A$2:BA35,27,FALSE)) -> 0 | AE57: =IF(ISBLANK(VLOOKUP($B57,برا!$A$2:BB35,28,FALSE)),0,VLOOKUP($B57,برا!$A$2:BB35,28,FALSE)) -> 0 | AF57: =IF(ISBLANK(VLOOKUP($B57,برا!$A$2:BC35,29,FALSE)),0,VLOOKUP($B57,برا!$A$2:BC35,29,FALSE)) -> 0 | AG57: =IF(ISBLANK(VLOOKUP($B57,برا!$A$2:BD35,30,FALSE)),0,VLOOKUP($B57,برا!$A$2:BD35,30,FALSE)) -> 0 | AH57: =IF(ISBLANK(VLOOKUP($B57,برا!$A$2:BE35,31,FALSE)),0,VLOOKUP($B57,برا!$A$2:BE35,31,FALSE)) -> 0 | AI57: =IF(ISBLANK(VLOOKUP($B57,برا!$A$2:BF35,32,FALSE)),0,VLOOKUP($B57,برا!$A$2:BF35,32,FALSE)) -> 0 | AJ57: =IF(ISBLANK(VLOOKUP($B57,برا!$A$2:BG35,33,FALSE)),0,VLOOKUP($B57,برا!$A$2:BG35,33,FALSE)) -> 0 | AK57: =IF(ISBLANK(VLOOKUP($B57,برا!$A$2:BH35,34,FALSE)),0,VLOOKUP($B57,برا!$A$2:BH35,34,FALSE)) -> 0 | AL57: =IF(ISBLANK(VLOOKUP($B57,برا!$A$2:BI35,35,FALSE)),0,VLOOKUP($B57,برا!$A$2:BI35,35,FALSE)) -> 0 | AM57: =IF(ISBLANK(VLOOKUP($B57,برا!$A$2:BJ35,36,FALSE)),0,VLOOKUP($B57,برا!$A$2:BJ35,36,FALSE)) -> 0 | AN57: =IF(X57>0,X57 & " "& $X$50 & " / ", " ") & IF(Y57>0,Y57 & " "&$Y$50 & " / ", " ") & IF(Z57>0,Z57 & " "& $Z$50 & " / ", " ") & IF(AA57>0,AA57 & " "& $AA$50 & " / ", " ")& IF(AB57>0,AB57 & " "& $AB$50 & " / ", " ") & IF(AC57>0,AC57 & " "& $AC$50 & " / ", " ") & IF(AG57>0,AG57 & " "& $AG$50 & " / ", " ") & IF(AH57>0,AH57 & " "& $AH$50 & " / ", " ") & IF(AI57>0,AI57 & " "& $AI$50 & " / ", " ") & IF(AJ57>0,AJ57 & " "& $AJ$50 & " / ", " ")& IF(AD57>0,AD57 & " "& $AD$50 & " / ", " ")& IF(AE57>0,AE57 & " "& $AE$51 & " / ", " ")& IF(AF57>0,AF57 & " "& $AF$51 & " / ", " ")& IF(AK57>0,AK57 & " "&$AK$50 & " / ", " ") & IF(AL57>0,AL57 & " "&$AL$50 & " / ", " ")& IF(AM57>0,AM57 & " "& " / ", " ")
B58: =برا!A7 -> صفاقس | C58: =IF(ISBLANK(VLOOKUP($B58,برا!$A$2:AJ36,3,FALSE)),"",VLOOKUP($B58,برا!$A$2:AJ36,3,FALSE)) | D58: =IF(ISBLANK(VLOOKUP($B58,برا!$A$2:AK36,2,FALSE)),"",VLOOKUP($B58,برا!$A$2:AK36,2,FALSE)) -> العامرة | E58: =IF(ISBLANK(VLOOKUP($B58,برا!$A$2:AG36,4,FALSE)),"",VLOOKUP($B58,برا!$A$2:AG36,4,FALSE)) | F58: =IF(ISBLANK(VLOOKUP($B58,برا!$A$2:AG36,5,FALSE)),"",VLOOKUP($B58,برا!$A$2:AG36,5,FALSE)) | G58: =IF(ISBLANK(VLOOKUP($B58,برا!$A$2:AG36,6,FALSE)),"",VLOOKUP($B58,برا!$A$2:AG36,6,FALSE)) | H58: =IF(ISBLANK(VLOOKUP($B58,برا!$A$2:AE36,7,FALSE)),"",VLOOKUP($B58,برا!$A$2:AE36,7,FALSE)) | I58: =IF(ISBLANK(VLOOKUP($B58,برا!$A$2:AF36,8,FALSE)),"",VLOOKUP($B58,برا!$A$2:AF36,8,FALSE)) | J58: =IF(ISBLANK(VLOOKUP($B58,برا!$A$2:AG36,9,FALSE)),"",VLOOKUP($B58,برا!$A$2:AG36,9,FALSE)) | K58: =IF(ISBLANK(VLOOKUP($B58,برا!$A$2:AJ36,10,FALSE)),"",VLOOKUP($B58,برا!$A$2:AJ36,10,FALSE)) | L58: =IF(ISBLANK(VLOOKUP($B58,برا!$A$2:AK36,11,FALSE)),"",VLOOKUP($B58,برا!$A$2:AK36,11,FALSE)) | M58: =IF(ISBLANK(VLOOKUP($B58,برا!$A$2:AK36,12,FALSE)),"",VLOOKUP($B58,برا!$A$2:AK36,12,FALSE)) | N58: =IF(ISBLANK(VLOOKUP($B58,برا!$A$2:AL36,13,FALSE)),"",VLOOKUP($B58,برا!$A$2:AL36,13,FALSE)) | O58: =IF(ISBLANK(VLOOKUP($B58,برا!$A$2:AM36,14,FALSE)),"",VLOOKUP($B58,برا!$A$2:AM36,14,FALSE)) | P58: =IF(ISBLANK(VLOOKUP($B58,برا!$A$2:AN36,15,FALSE)),"",VLOOKUP($B58,برا!$A$2:AN36,15,FALSE)) | Q58: =IF(ISBLANK(VLOOKUP($B58,برا!$A$2:AO36,16,FALSE)),"",VLOOKUP($B58,برا!$A$2:AO36,16,FALSE)) -> 1 | S58: =IF(ISBLANK(VLOOKUP($B58,برا!$A$2:AQ36,17,FALSE)),"",VLOOKUP($B58,برا!$A$2:AQ36,17,FALSE)) | U58: =IF(ISBLANK(VLOOKUP($B58,برا!$A$2:AS36,18,FALSE)),"",VLOOKUP($B58,برا!$A$2:AS36,18,FALSE)) | V58: =IF(ISBLANK(VLOOKUP($B58,برا!$A$2:AT36,19,FALSE)),"",VLOOKUP($B58,برا!$A$2:AT36,19,FALSE)) | W58: =IF(ISBLANK(VLOOKUP($B58,برا!$A$2:AU36,20,FALSE)),"",VLOOKUP($B58,برا!$A$2:AU36,20,FALSE)) | X58: =IF(ISBLANK(VLOOKUP($B58,برا!$A$2:AU36,21,FALSE)),0,VLOOKUP($B58,برا!$A$2:AU36,21,FALSE)) -> 0 | Y58: =IF(ISBLANK(VLOOKUP($B58,برا!$A$2:AV36,22,FALSE)),0,VLOOKUP($B58,برا!$A$2:AV36,22,FALSE)) -> 0 | Z58: =IF(ISBLANK(VLOOKUP($B58,برا!$A$2:AW36,23,FALSE)),0,VLOOKUP($B58,برا!$A$2:AW36,23,FALSE)) -> 0 | AA58: =IF(ISBLANK(VLOOKUP($B58,برا!$A$2:AX36,24,FALSE)),0,VLOOKUP($B58,برا!$A$2:AX36,24,FALSE)) -> 0 | AB58: =IF(ISBLANK(VLOOKUP($B58,برا!$A$2:AY36,25,FALSE)),0,VLOOKUP($B58,برا!$A$2:AY36,25,FALSE)) -> 0 | AC58: =IF(ISBLANK(VLOOKUP($B58,برا!$A$2:AZ36,26,FALSE)),0,VLOOKUP($B58,برا!$A$2:AZ36,26,FALSE)) -> 0 | AD58: =IF(ISBLANK(VLOOKUP($B58,برا!$A$2:BA36,27,FALSE)),0,VLOOKUP($B58,برا!$A$2:BA36,27,FALSE)) -> 0 | AE58: =IF(ISBLANK(VLOOKUP($B58,برا!$A$2:BB36,28,FALSE)),0,VLOOKUP($B58,برا!$A$2:BB36,28,FALSE)) -> 0 | AF58: =IF(ISBLANK(VLOOKUP($B58,برا!$A$2:BC36,29,FALSE)),0,VLOOKUP($B58,برا!$A$2:BC36,29,FALSE)) -> 0 | AG58: =IF(ISBLANK(VLOOKUP($B58,برا!$A$2:BD36,30,FALSE)),0,VLOOKUP($B58,برا!$A$2:BD36,30,FALSE)) -> 0 | AH58: =IF(ISBLANK(VLOOKUP($B58,برا!$A$2:BE36,31,FALSE)),0,VLOOKUP($B58,برا!$A$2:BE36,31,FALSE)) -> 0 | AI58: =IF(ISBLANK(VLOOKUP($B58,برا!$A$2:BF36,32,FALSE)),0,VLOOKUP($B58,برا!$A$2:BF36,32,FALSE)) -> 0 | AJ58: =IF(ISBLANK(VLOOKUP($B58,برا!$A$2:BG36,33,FALSE)),0,VLOOKUP($B58,برا!$A$2:BG36,33,FALSE)) -> 0 | AK58: =IF(ISBLANK(VLOOKUP($B58,برا!$A$2:BH36,34,FALSE)),0,VLOOKUP($B58,برا!$A$2:BH36,34,FALSE)) -> 0 | AL58: =IF(ISBLANK(VLOOKUP($B58,برا!$A$2:BI36,35,FALSE)),0,VLOOKUP($B58,برا!$A$2:BI36,35,FALSE)) -> 0 | AM58: =IF(ISBLANK(VLOOKUP($B58,برا!$A$2:BJ36,36,FALSE)),0,VLOOKUP($B58,برا!$A$2:BJ36,36,FALSE)) -> جرار فلاحي + صهريج مياه | AN58: =IF(X58>0,X58 & " "& $X$50 & " / ", " ") & IF(Y58>0,Y58 & " "&$Y$50 & " / ", " ") & IF(Z58>0,Z58 & " "& $Z$50 & " / ", " ") & IF(AA58>0,AA58 & " "& $AA$50 & " / ", " ")& IF(AB58>0,AB58 & " "& $AB$50 & " / ", " ") & IF(AC58>0,AC58 & " "& $AC$50 & " / ", " ") & IF(AG58>0,AG58 & " "& $AG$50 & " / ", " ") & IF(AH58>0,AH58 & " "& $AH$50 & " / ", " ") & IF(AI58>0,AI58 & " "& $AI$50 & " / ", " ") & IF(AJ58>0,AJ58 & " "& $AJ$50 & " / ", " ")& IF(AD58>0,AD58 & " "& $AD$50 & " / ", " ")& IF(AE58>0,AE58 & " "& $AE$51 & " / ", " ")& IF(AF58>0,AF58 & " "& $AF$51 & " / ", " ")& IF(AK58>0,AK58 & " "&$AK$50 & " / ", " ") & IF(AL58>0,AL58 & " "&$AL$50 & " / ", " ")& IF(AM58>0,AM58 & " "& " / ", " ") -> جرار فلاحي + صهريج مياه /
B59: =برا!A8 -> سيدي بوزيد | C59: =IF(ISBLANK(VLOOKUP($B59,برا!$A$2:AJ37,3,FALSE)),"",VLOOKUP($B59,برا!$A$2:AJ37,3,FALSE)) | D59: =IF(ISBLANK(VLOOKUP($B59,برا!$A$2:AK37,2,FALSE)),"",VLOOKUP($B59,برا!$A$2:AK37,2,FALSE)) | E59: =IF(ISBLANK(VLOOKUP($B59,برا!$A$2:AG37,4,FALSE)),"",VLOOKUP($B59,برا!$A$2:AG37,4,FALSE)) | F59: =IF(ISBLANK(VLOOKUP($B59,برا!$A$2:AG37,5,FALSE)),"",VLOOKUP($B59,برا!$A$2:AG37,5,FALSE)) | G59: =IF(ISBLANK(VLOOKUP($B59,برا!$A$2:AG37,6,FALSE)),"",VLOOKUP($B59,برا!$A$2:AG37,6,FALSE)) | H59: =IF(ISBLANK(VLOOKUP($B59,برا!$A$2:AE37,7,FALSE)),"",VLOOKUP($B59,برا!$A$2:AE37,7,FALSE)) | I59: =IF(ISBLANK(VLOOKUP($B59,برا!$A$2:AF37,8,FALSE)),"",VLOOKUP($B59,برا!$A$2:AF37,8,FALSE)) | J59: =IF(ISBLANK(VLOOKUP($B59,برا!$A$2:AG37,9,FALSE)),"",VLOOKUP($B59,برا!$A$2:AG37,9,FALSE)) | K59: =IF(ISBLANK(VLOOKUP($B59,برا!$A$2:AJ37,10,FALSE)),"",VLOOKUP($B59,برا!$A$2:AJ37,10,FALSE)) | L59: =IF(ISBLANK(VLOOKUP($B59,برا!$A$2:AK37,11,FALSE)),"",VLOOKUP($B59,برا!$A$2:AK37,11,FALSE)) | M59: =IF(ISBLANK(VLOOKUP($B59,برا!$A$2:AK37,12,FALSE)),"",VLOOKUP($B59,برا!$A$2:AK37,12,FALSE)) | N59: =IF(ISBLANK(VLOOKUP($B59,برا!$A$2:AL37,13,FALSE)),"",VLOOKUP($B59,برا!$A$2:AL37,13,FALSE)) | O59: =IF(ISBLANK(VLOOKUP($B59,برا!$A$2:AM37,14,FALSE)),"",VLOOKUP($B59,برا!$A$2:AM37,14,FALSE)) | P59: =IF(ISBLANK(VLOOKUP($B59,برا!$A$2:AN37,15,FALSE)),"",VLOOKUP($B59,برا!$A$2:AN37,15,FALSE)) | Q59: =IF(ISBLANK(VLOOKUP($B59,برا!$A$2:AO37,16,FALSE)),"",VLOOKUP($B59,برا!$A$2:AO37,16,FALSE)) | S59: =IF(ISBLANK(VLOOKUP($B59,برا!$A$2:AQ37,17,FALSE)),"",VLOOKUP($B59,برا!$A$2:AQ37,17,FALSE)) | U59: =IF(ISBLANK(VLOOKUP($B59,برا!$A$2:AS37,18,FALSE)),"",VLOOKUP($B59,برا!$A$2:AS37,18,FALSE)) | V59: =IF(ISBLANK(VLOOKUP($B59,برا!$A$2:AT37,19,FALSE)),"",VLOOKUP($B59,برا!$A$2:AT37,19,FALSE)) | W59: =IF(ISBLANK(VLOOKUP($B59,برا!$A$2:AU37,20,FALSE)),"",VLOOKUP($B59,برا!$A$2:AU37,20,FALSE)) | X59: =IF(ISBLANK(VLOOKUP($B59,برا!$A$2:AU37,21,FALSE)),0,VLOOKUP($B59,برا!$A$2:AU37,21,FALSE)) -> 0 | Y59: =IF(ISBLANK(VLOOKUP($B59,برا!$A$2:AV37,22,FALSE)),0,VLOOKUP($B59,برا!$A$2:AV37,22,FALSE)) -> 0 | Z59: =IF(ISBLANK(VLOOKUP($B59,برا!$A$2:AW37,23,FALSE)),0,VLOOKUP($B59,برا!$A$2:AW37,23,FALSE)) -> 0 | AA59: =IF(ISBLANK(VLOOKUP($B59,برا!$A$2:AX37,24,FALSE)),0,VLOOKUP($B59,برا!$A$2:AX37,24,FALSE)) -> 0 | AB59: =IF(ISBLANK(VLOOKUP($B59,برا!$A$2:AY37,25,FALSE)),0,VLOOKUP($B59,برا!$A$2:AY37,25,FALSE)) -> 0 | AC59: =IF(ISBLANK(VLOOKUP($B59,برا!$A$2:AZ37,26,FALSE)),0,VLOOKUP($B59,برا!$A$2:AZ37,26,FALSE)) -> 0 | AD59: =IF(ISBLANK(VLOOKUP($B59,برا!$A$2:BA37,27,FALSE)),0,VLOOKUP($B59,برا!$A$2:BA37,27,FALSE)) -> 0 | AE59: =IF(ISBLANK(VLOOKUP($B59,برا!$A$2:BB37,28,FALSE)),0,VLOOKUP($B59,برا!$A$2:BB37,28,FALSE)) -> 0 | AF59: =IF(ISBLANK(VLOOKUP($B59,برا!$A$2:BC37,29,FALSE)),0,VLOOKUP($B59,برا!$A$2:BC37,29,FALSE)) -> 0 | AG59: =IF(ISBLANK(VLOOKUP($B59,برا!$A$2:BD37,30,FALSE)),0,VLOOKUP($B59,برا!$A$2:BD37,30,FALSE)) -> 0 | AH59: =IF(ISBLANK(VLOOKUP($B59,برا!$A$2:BE37,31,FALSE)),0,VLOOKUP($B59,برا!$A$2:BE37,31,FALSE)) -> 0 | AI59: =IF(ISBLANK(VLOOKUP($B59,برا!$A$2:BF37,32,FALSE)),0,VLOOKUP($B59,برا!$A$2:BF37,32,FALSE)) -> 0 | AJ59: =IF(ISBLANK(VLOOKUP($B59,برا!$A$2:BG37,33,FALSE)),0,VLOOKUP($B59,برا!$A$2:BG37,33,FALSE)) -> 0 | AK59: =IF(ISBLANK(VLOOKUP($B59,برا!$A$2:BH37,34,FALSE)),0,VLOOKUP($B59,برا!$A$2:BH37,34,FALSE)) -> 0 | AL59: =IF(ISBLANK(VLOOKUP($B59,برا!$A$2:BI37,35,FALSE)),0,VLOOKUP($B59,برا!$A$2:BI37,35,FALSE)) -> 0 | AM59: =IF(ISBLANK(VLOOKUP($B59,برا!$A$2:BJ37,36,FALSE)),0,VLOOKUP($B59,برا!$A$2:BJ37,36,FALSE)) -> 0 | AN59: =IF(X59>0,X59 & " "& $X$50 & " / ", " ") & IF(Y59>0,Y59 & " "&$Y$50 & " / ", " ") & IF(Z59>0,Z59 & " "& $Z$50 & " / ", " ") & IF(AA59>0,AA59 & " "& $AA$50 & " / ", " ")& IF(AB59>0,AB59 & " "& $AB$50 & " / ", " ") & IF(AC59>0,AC59 & " "& $AC$50 & " / ", " ") & IF(AG59>0,AG59 & " "& $AG$50 & " / ", " ") & IF(AH59>0,AH59 & " "& $AH$50 & " / ", " ") & IF(AI59>0,AI59 & " "& $AI$50 & " / ", " ") & IF(AJ59>0,AJ59 & " "& $AJ$50 & " / ", " ")& IF(AD59>0,AD59 & " "& $AD$50 & " / ", " ")& IF(AE59>0,AE59 & " "& $AE$51 & " / ", " ")& IF(AF59>0,AF59 & " "& $AF$51 & " / ", " ")& IF(AK59>0,AK59 & " "&$AK$50 & " / ", " ") & IF(AL59>0,AL59 & " "&$AL$50 & " / ", " ")& IF(AM59>0,AM59 & " "& " / ", " ")
B60: =برا!A9 -> سوسة | C60: =IF(ISBLANK(VLOOKUP($B60,برا!$A$2:AJ38,3,FALSE)),"",VLOOKUP($B60,برا!$A$2:AJ38,3,FALSE)) | D60: =IF(ISBLANK(VLOOKUP($B60,برا!$A$2:AK38,2,FALSE)),"",VLOOKUP($B60,برا!$A$2:AK38,2,FALSE)) | E60: =IF(ISBLANK(VLOOKUP($B60,برا!$A$2:AG38,4,FALSE)),"",VLOOKUP($B60,برا!$A$2:AG38,4,FALSE)) | F60: =IF(ISBLANK(VLOOKUP($B60,برا!$A$2:AG38,5,FALSE)),"",VLOOKUP($B60,برا!$A$2:AG38,5,FALSE)) | G60: =IF(ISBLANK(VLOOKUP($B60,برا!$A$2:AG38,6,FALSE)),"",VLOOKUP($B60,برا!$A$2:AG38,6,FALSE)) | H60: =IF(ISBLANK(VLOOKUP($B60,برا!$A$2:AE38,7,FALSE)),"",VLOOKUP($B60,برا!$A$2:AE38,7,FALSE)) | I60: =IF(ISBLANK(VLOOKUP($B60,برا!$A$2:AF38,8,FALSE)),"",VLOOKUP($B60,برا!$A$2:AF38,8,FALSE)) | J60: =IF(ISBLANK(VLOOKUP($B60,برا!$A$2:AG38,9,FALSE)),"",VLOOKUP($B60,برا!$A$2:AG38,9,FALSE)) | K60: =IF(ISBLANK(VLOOKUP($B60,برا!$A$2:AJ38,10,FALSE)),"",VLOOKUP($B60,برا!$A$2:AJ38,10,FALSE)) | L60: =IF(ISBLANK(VLOOKUP($B60,برا!$A$2:AK38,11,FALSE)),"",VLOOKUP($B60,برا!$A$2:AK38,11,FALSE)) | M60: =IF(ISBLANK(VLOOKUP($B60,برا!$A$2:AK38,12,FALSE)),"",VLOOKUP($B60,برا!$A$2:AK38,12,FALSE)) | N60: =IF(ISBLANK(VLOOKUP($B60,برا!$A$2:AL38,13,FALSE)),"",VLOOKUP($B60,برا!$A$2:AL38,13,FALSE)) | O60: =IF(ISBLANK(VLOOKUP($B60,برا!$A$2:AM38,14,FALSE)),"",VLOOKUP($B60,برا!$A$2:AM38,14,FALSE)) | P60: =IF(ISBLANK(VLOOKUP($B60,برا!$A$2:AN38,15,FALSE)),"",VLOOKUP($B60,برا!$A$2:AN38,15,FALSE)) | Q60: =IF(ISBLANK(VLOOKUP($B60,برا!$A$2:AO38,16,FALSE)),"",VLOOKUP($B60,برا!$A$2:AO38,16,FALSE)) | S60: =IF(ISBLANK(VLOOKUP($B60,برا!$A$2:AQ38,17,FALSE)),"",VLOOKUP($B60,برا!$A$2:AQ38,17,FALSE)) | U60: =IF(ISBLANK(VLOOKUP($B60,برا!$A$2:AS38,18,FALSE)),"",VLOOKUP($B60,برا!$A$2:AS38,18,FALSE)) | V60: =IF(ISBLANK(VLOOKUP($B60,برا!$A$2:AT38,19,FALSE)),"",VLOOKUP($B60,برا!$A$2:AT38,19,FALSE)) | W60: =IF(ISBLANK(VLOOKUP($B60,برا!$A$2:AU38,20,FALSE)),"",VLOOKUP($B60,برا!$A$2:AU38,20,FALSE)) | X60: =IF(ISBLANK(VLOOKUP($B60,برا!$A$2:AU38,21,FALSE)),0,VLOOKUP($B60,برا!$A$2:AU38,21,FALSE)) -> 0 | Y60: =IF(ISBLANK(VLOOKUP($B60,برا!$A$2:AV38,22,FALSE)),0,VLOOKUP($B60,برا!$A$2:AV38,22,FALSE)) -> 0 | Z60: =IF(ISBLANK(VLOOKUP($B60,برا!$A$2:AW38,23,FALSE)),0,VLOOKUP($B60,برا!$A$2:AW38,23,FALSE)) -> 0 | AA60: =IF(ISBLANK(VLOOKUP($B60,برا!$A$2:AX38,24,FALSE)),0,VLOOKUP($B60,برا!$A$2:AX38,24,FALSE)) -> 0 | AB60: =IF(ISBLANK(VLOOKUP($B60,برا!$A$2:AY38,25,FALSE)),0,VLOOKUP($B60,برا!$A$2:AY38,25,FALSE)) -> 0 | AC60: =IF(ISBLANK(VLOOKUP($B60,برا!$A$2:AZ38,26,FALSE)),0,VLOOKUP($B60,برا!$A$2:AZ38,26,FALSE)) -> 0 | AD60: =IF(ISBLANK(VLOOKUP($B60,برا!$A$2:BA38,27,FALSE)),0,VLOOKUP($B60,برا!$A$2:BA38,27,FALSE)) -> 0 | AE60: =IF(ISBLANK(VLOOKUP($B60,برا!$A$2:BB38,28,FALSE)),0,VLOOKUP($B60,برا!$A$2:BB38,28,FALSE)) -> 0 | AF60: =IF(ISBLANK(VLOOKUP($B60,برا!$A$2:BC38,29,FALSE)),0,VLOOKUP($B60,برا!$A$2:BC38,29,FALSE)) -> 0 | AG60: =IF(ISBLANK(VLOOKUP($B60,برا!$A$2:BD38,30,FALSE)),0,VLOOKUP($B60,برا!$A$2:BD38,30,FALSE)) -> 0 | AH60: =IF(ISBLANK(VLOOKUP($B60,برا!$A$2:BE38,31,FALSE)),0,VLOOKUP($B60,برا!$A$2:BE38,31,FALSE)) -> 0 | AI60: =IF(ISBLANK(VLOOKUP($B60,برا!$A$2:BF38,32,FALSE)),0,VLOOKUP($B60,برا!$A$2:BF38,32,FALSE)) -> 0 | AJ60: =IF(ISBLANK(VLOOKUP($B60,برا!$A$2:BG38,33,FALSE)),0,VLOOKUP($B60,برا!$A$2:BG38,33,FALSE)) -> 0 | AK60: =IF(ISBLANK(VLOOKUP($B60,برا!$A$2:BH38,34,FALSE)),0,VLOOKUP($B60,برا!$A$2:BH38,34,FALSE)) -> 0 | AL60: =IF(ISBLANK(VLOOKUP($B60,برا!$A$2:BI38,35,FALSE)),0,VLOOKUP($B60,برا!$A$2:BI38,35,FALSE)) -> 0 | AM60: =IF(ISBLANK(VLOOKUP($B60,برا!$A$2:BJ38,36,FALSE)),0,VLOOKUP($B60,برا!$A$2:BJ38,36,FALSE)) -> 0 | AN60: =IF(X60>0,X60 & " "& $X$50 & " / ", " ") & IF(Y60>0,Y60 & " "&$Y$50 & " / ", " ") & IF(Z60>0,Z60 & " "& $Z$50 & " / ", " ") & IF(AA60>0,AA60 & " "& $AA$50 & " / ", " ")& IF(AB60>0,AB60 & " "& $AB$50 & " / ", " ") & IF(AC60>0,AC60 & " "& $AC$50 & " / ", " ") & IF(AG60>0,AG60 & " "& $AG$50 & " / ", " ") & IF(AH60>0,AH60 & " "& $AH$50 & " / ", " ") & IF(AI60>0,AI60 & " "& $AI$50 & " / ", " ") & IF(AJ60>0,AJ60 & " "& $AJ$50 & " / ", " ")& IF(AD60>0,AD60 & " "& $AD$50 & " / ", " ")& IF(AE60>0,AE60 & " "& $AE$51 & " / ", " ")& IF(AF60>0,AF60 & " "& $AF$51 & " / ", " ")& IF(AK60>0,AK60 & " "&$AK$50 & " / ", " ") & IF(AL60>0,AL60 & " "&$AL$50 & " / ", " ")& IF(AM60>0,AM60 & " "& " / ", " ")
B61: =برا!A10 -> سليانة | C61: =IF(ISBLANK(VLOOKUP($B61,برا!$A$2:AJ39,3,FALSE)),"",VLOOKUP($B61,برا!$A$2:AJ39,3,FALSE)) | D61: =IF(ISBLANK(VLOOKUP($B61,برا!$A$2:AK39,2,FALSE)),"",VLOOKUP($B61,برا!$A$2:AK39,2,FALSE)) | E61: =IF(ISBLANK(VLOOKUP($B61,برا!$A$2:AG39,4,FALSE)),"",VLOOKUP($B61,برا!$A$2:AG39,4,FALSE)) | F61: =IF(ISBLANK(VLOOKUP($B61,برا!$A$2:AG39,5,FALSE)),"",VLOOKUP($B61,برا!$A$2:AG39,5,FALSE)) | G61: =IF(ISBLANK(VLOOKUP($B61,برا!$A$2:AG39,6,FALSE)),"",VLOOKUP($B61,برا!$A$2:AG39,6,FALSE)) | H61: =IF(ISBLANK(VLOOKUP($B61,برا!$A$2:AE39,7,FALSE)),"",VLOOKUP($B61,برا!$A$2:AE39,7,FALSE)) | I61: =IF(ISBLANK(VLOOKUP($B61,برا!$A$2:AF39,8,FALSE)),"",VLOOKUP($B61,برا!$A$2:AF39,8,FALSE)) | J61: =IF(ISBLANK(VLOOKUP($B61,برا!$A$2:AG39,9,FALSE)),"",VLOOKUP($B61,برا!$A$2:AG39,9,FALSE)) | K61: =IF(ISBLANK(VLOOKUP($B61,برا!$A$2:AJ39,10,FALSE)),"",VLOOKUP($B61,برا!$A$2:AJ39,10,FALSE)) | L61: =IF(ISBLANK(VLOOKUP($B61,برا!$A$2:AK39,11,FALSE)),"",VLOOKUP($B61,برا!$A$2:AK39,11,FALSE)) | M61: =IF(ISBLANK(VLOOKUP($B61,برا!$A$2:AK39,12,FALSE)),"",VLOOKUP($B61,برا!$A$2:AK39,12,FALSE)) | N61: =IF(ISBLANK(VLOOKUP($B61,برا!$A$2:AL39,13,FALSE)),"",VLOOKUP($B61,برا!$A$2:AL39,13,FALSE)) | O61: =IF(ISBLANK(VLOOKUP($B61,برا!$A$2:AM39,14,FALSE)),"",VLOOKUP($B61,برا!$A$2:AM39,14,FALSE)) | P61: =IF(ISBLANK(VLOOKUP($B61,برا!$A$2:AN39,15,FALSE)),"",VLOOKUP($B61,برا!$A$2:AN39,15,FALSE)) | Q61: =IF(ISBLANK(VLOOKUP($B61,برا!$A$2:AO39,16,FALSE)),"",VLOOKUP($B61,برا!$A$2:AO39,16,FALSE)) | S61: =IF(ISBLANK(VLOOKUP($B61,برا!$A$2:AQ39,17,FALSE)),"",VLOOKUP($B61,برا!$A$2:AQ39,17,FALSE)) | U61: =IF(ISBLANK(VLOOKUP($B61,برا!$A$2:AS39,18,FALSE)),"",VLOOKUP($B61,برا!$A$2:AS39,18,FALSE)) | V61: =IF(ISBLANK(VLOOKUP($B61,برا!$A$2:AT39,19,FALSE)),"",VLOOKUP($B61,برا!$A$2:AT39,19,FALSE)) | W61: =IF(ISBLANK(VLOOKUP($B61,برا!$A$2:AU39,20,FALSE)),"",VLOOKUP($B61,برا!$A$2:AU39,20,FALSE)) | X61: =IF(ISBLANK(VLOOKUP($B61,برا!$A$2:AU39,21,FALSE)),0,VLOOKUP($B61,برا!$A$2:AU39,21,FALSE)) -> 0 | Y61: =IF(ISBLANK(VLOOKUP($B61,برا!$A$2:AV39,22,FALSE)),0,VLOOKUP($B61,برا!$A$2:AV39,22,FALSE)) -> 0 | Z61: =IF(ISBLANK(VLOOKUP($B61,برا!$A$2:AW39,23,FALSE)),0,VLOOKUP($B61,برا!$A$2:AW39,23,FALSE)) -> 0 | AA61: =IF(ISBLANK(VLOOKUP($B61,برا!$A$2:AX39,24,FALSE)),0,VLOOKUP($B61,برا!$A$2:AX39,24,FALSE)) -> 0 | AB61: =IF(ISBLANK(VLOOKUP($B61,برا!$A$2:AY39,25,FALSE)),0,VLOOKUP($B61,برا!$A$2:AY39,25,FALSE)) -> 0 | AC61: =IF(ISBLANK(VLOOKUP($B61,برا!$A$2:AZ39,26,FALSE)),0,VLOOKUP($B61,برا!$A$2:AZ39,26,FALSE)) -> 0 | AD61: =IF(ISBLANK(VLOOKUP($B61,برا!$A$2:BA39,27,FALSE)),0,VLOOKUP($B61,برا!$A$2:BA39,27,FALSE)) -> 0 | AE61: =IF(ISBLANK(VLOOKUP($B61,برا!$A$2:BB39,28,FALSE)),0,VLOOKUP($B61,برا!$A$2:BB39,28,FALSE)) -> 0 | AF61: =IF(ISBLANK(VLOOKUP($B61,برا!$A$2:BC39,29,FALSE)),0,VLOOKUP($B61,برا!$A$2:BC39,29,FALSE)) -> 0 | AG61: =IF(ISBLANK(VLOOKUP($B61,برا!$A$2:BD39,30,FALSE)),0,VLOOKUP($B61,برا!$A$2:BD39,30,FALSE)) -> 0 | AH61: =IF(ISBLANK(VLOOKUP($B61,برا!$A$2:BE39,31,FALSE)),0,VLOOKUP($B61,برا!$A$2:BE39,31,FALSE)) -> 0 | AI61: =IF(ISBLANK(VLOOKUP($B61,برا!$A$2:BF39,32,FALSE)),0,VLOOKUP($B61,برا!$A$2:BF39,32,FALSE)) -> 0 | AJ61: =IF(ISBLANK(VLOOKUP($B61,برا!$A$2:BG39,33,FALSE)),0,VLOOKUP($B61,برا!$A$2:BG39,33,FALSE)) -> 0 | AK61: =IF(ISBLANK(VLOOKUP($B61,برا!$A$2:BH39,34,FALSE)),0,VLOOKUP($B61,برا!$A$2:BH39,34,FALSE)) -> 0 | AL61: =IF(ISBLANK(VLOOKUP($B61,برا!$A$2:BI39,35,FALSE)),0,VLOOKUP($B61,برا!$A$2:BI39,35,FALSE)) -> 0 | AM61: =IF(ISBLANK(VLOOKUP($B61,برا!$A$2:BJ39,36,FALSE)),0,VLOOKUP($B61,برا!$A$2:BJ39,36,FALSE)) -> 0 | AN61: =IF(X61>0,X61 & " "& $X$50 & " / ", " ") & IF(Y61>0,Y61 & " "&$Y$50 & " / ", " ") & IF(Z61>0,Z61 & " "& $Z$50 & " / ", " ") & IF(AA61>0,AA61 & " "& $AA$50 & " / ", " ")& IF(AB61>0,AB61 & " "& $AB$50 & " / ", " ") & IF(AC61>0,AC61 & " "& $AC$50 & " / ", " ") & IF(AG61>0,AG61 & " "& $AG$50 & " / ", " ") & IF(AH61>0,AH61 & " "& $AH$50 & " / ", " ") & IF(AI61>0,AI61 & " "& $AI$50 & " / ", " ") & IF(AJ61>0,AJ61 & " "& $AJ$50 & " / ", " ")& IF(AD61>0,AD61 & " "& $AD$50 & " / ", " ")& IF(AE61>0,AE61 & " "& $AE$51 & " / ", " ")& IF(AF61>0,AF61 & " "& $AF$51 & " / ", " ")& IF(AK61>0,AK61 & " "&$AK$50 & " / ", " ") & IF(AL61>0,AL61 & " "&$AL$50 & " / ", " ")& IF(AM61>0,AM61 & " "& " / ", " ")
B62: =برا!A11 -> زغوان | C62: =IF(ISBLANK(VLOOKUP($B62,برا!$A$2:AJ40,3,FALSE)),"",VLOOKUP($B62,برا!$A$2:AJ40,3,FALSE)) | D62: =IF(ISBLANK(VLOOKUP($B62,برا!$A$2:AK40,2,FALSE)),"",VLOOKUP($B62,برا!$A$2:AK40,2,FALSE)) | E62: =IF(ISBLANK(VLOOKUP($B62,برا!$A$2:AG40,4,FALSE)),"",VLOOKUP($B62,برا!$A$2:AG40,4,FALSE)) | F62: =IF(ISBLANK(VLOOKUP($B62,برا!$A$2:AG40,5,FALSE)),"",VLOOKUP($B62,برا!$A$2:AG40,5,FALSE)) | G62: =IF(ISBLANK(VLOOKUP($B62,برا!$A$2:AG40,6,FALSE)),"",VLOOKUP($B62,برا!$A$2:AG40,6,FALSE)) | H62: =IF(ISBLANK(VLOOKUP($B62,برا!$A$2:AE40,7,FALSE)),"",VLOOKUP($B62,برا!$A$2:AE40,7,FALSE)) | I62: =IF(ISBLANK(VLOOKUP($B62,برا!$A$2:AF40,8,FALSE)),"",VLOOKUP($B62,برا!$A$2:AF40,8,FALSE)) | J62: =IF(ISBLANK(VLOOKUP($B62,برا!$A$2:AG40,9,FALSE)),"",VLOOKUP($B62,برا!$A$2:AG40,9,FALSE)) | K62: =IF(ISBLANK(VLOOKUP($B62,برا!$A$2:AJ40,10,FALSE)),"",VLOOKUP($B62,برا!$A$2:AJ40,10,FALSE)) | L62: =IF(ISBLANK(VLOOKUP($B62,برا!$A$2:AK40,11,FALSE)),"",VLOOKUP($B62,برا!$A$2:AK40,11,FALSE)) | M62: =IF(ISBLANK(VLOOKUP($B62,برا!$A$2:AK40,12,FALSE)),"",VLOOKUP($B62,برا!$A$2:AK40,12,FALSE)) | N62: =IF(ISBLANK(VLOOKUP($B62,برا!$A$2:AL40,13,FALSE)),"",VLOOKUP($B62,برا!$A$2:AL40,13,FALSE)) | O62: =IF(ISBLANK(VLOOKUP($B62,برا!$A$2:AM40,14,FALSE)),"",VLOOKUP($B62,برا!$A$2:AM40,14,FALSE)) | P62: =IF(ISBLANK(VLOOKUP($B62,برا!$A$2:AN40,15,FALSE)),"",VLOOKUP($B62,برا!$A$2:AN40,15,FALSE)) | Q62: =IF(ISBLANK(VLOOKUP($B62,برا!$A$2:AO40,16,FALSE)),"",VLOOKUP($B62,برا!$A$2:AO40,16,FALSE)) | S62: =IF(ISBLANK(VLOOKUP($B62,برا!$A$2:AQ40,17,FALSE)),"",VLOOKUP($B62,برا!$A$2:AQ40,17,FALSE)) | U62: =IF(ISBLANK(VLOOKUP($B62,برا!$A$2:AS40,18,FALSE)),"",VLOOKUP($B62,برا!$A$2:AS40,18,FALSE)) | V62: =IF(ISBLANK(VLOOKUP($B62,برا!$A$2:AT40,19,FALSE)),"",VLOOKUP($B62,برا!$A$2:AT40,19,FALSE)) | W62: =IF(ISBLANK(VLOOKUP($B62,برا!$A$2:AU40,20,FALSE)),"",VLOOKUP($B62,برا!$A$2:AU40,20,FALSE)) | X62: =IF(ISBLANK(VLOOKUP($B62,برا!$A$2:AU40,21,FALSE)),0,VLOOKUP($B62,برا!$A$2:AU40,21,FALSE)) -> 0 | Y62: =IF(ISBLANK(VLOOKUP($B62,برا!$A$2:AV40,22,FALSE)),0,VLOOKUP($B62,برا!$A$2:AV40,22,FALSE)) -> 0 | Z62: =IF(ISBLANK(VLOOKUP($B62,برا!$A$2:AW40,23,FALSE)),0,VLOOKUP($B62,برا!$A$2:AW40,23,FALSE)) -> 0 | AA62: =IF(ISBLANK(VLOOKUP($B62,برا!$A$2:AX40,24,FALSE)),0,VLOOKUP($B62,برا!$A$2:AX40,24,FALSE)) -> 0 | AB62: =IF(ISBLANK(VLOOKUP($B62,برا!$A$2:AY40,25,FALSE)),0,VLOOKUP($B62,برا!$A$2:AY40,25,FALSE)) -> 0 | AC62: =IF(ISBLANK(VLOOKUP($B62,برا!$A$2:AZ40,26,FALSE)),0,VLOOKUP($B62,برا!$A$2:AZ40,26,FALSE)) -> 0 | AD62: =IF(ISBLANK(VLOOKUP($B62,برا!$A$2:BA40,27,FALSE)),0,VLOOKUP($B62,برا!$A$2:BA40,27,FALSE)) -> 0 | AE62: =IF(ISBLANK(VLOOKUP($B62,برا!$A$2:BB40,28,FALSE)),0,VLOOKUP($B62,برا!$A$2:BB40,28,FALSE)) -> 0 | AF62: =IF(ISBLANK(VLOOKUP($B62,برا!$A$2:BC40,29,FALSE)),0,VLOOKUP($B62,برا!$A$2:BC40,29,FALSE)) -> 0 | AG62: =IF(ISBLANK(VLOOKUP($B62,برا!$A$2:BD40,30,FALSE)),0,VLOOKUP($B62,برا!$A$2:BD40,30,FALSE)) -> 0 | AH62: =IF(ISBLANK(VLOOKUP($B62,برا!$A$2:BE40,31,FALSE)),0,VLOOKUP($B62,برا!$A$2:BE40,31,FALSE)) -> 0 | AI62: =IF(ISBLANK(VLOOKUP($B62,برا!$A$2:BF40,32,FALSE)),0,VLOOKUP($B62,برا!$A$2:BF40,32,FALSE)) -> 0 | AJ62: =IF(ISBLANK(VLOOKUP($B62,برا!$A$2:BG40,33,FALSE)),0,VLOOKUP($B62,برا!$A$2:BG40,33,FALSE)) -> 0 | AK62: =IF(ISBLANK(VLOOKUP($B62,برا!$A$2:BH40,34,FALSE)),0,VLOOKUP($B62,برا!$A$2:BH40,34,FALSE)) -> 0 | AL62: =IF(ISBLANK(VLOOKUP($B62,برا!$A$2:BI40,35,FALSE)),0,VLOOKUP($B62,برا!$A$2:BI40,35,FALSE)) -> 0 | AM62: =IF(ISBLANK(VLOOKUP($B62,برا!$A$2:BJ40,36,FALSE)),0,VLOOKUP($B62,برا!$A$2:BJ40,36,FALSE)) -> 0 | AN62: =IF(X62>0,X62 & " "& $X$50 & " / ", " ") & IF(Y62>0,Y62 & " "&$Y$50 & " / ", " ") & IF(Z62>0,Z62 & " "& $Z$50 & " / ", " ") & IF(AA62>0,AA62 & " "& $AA$50 & " / ", " ")& IF(AB62>0,AB62 & " "& $AB$50 & " / ", " ") & IF(AC62>0,AC62 & " "& $AC$50 & " / ", " ") & IF(AG62>0,AG62 & " "& $AG$50 & " / ", " ") & IF(AH62>0,AH62 & " "& $AH$50 & " / ", " ") & IF(AI62>0,AI62 & " "& $AI$50 & " / ", " ") & IF(AJ62>0,AJ62 & " "& $AJ$50 & " / ", " ")& IF(AD62>0,AD62 & " "& $AD$50 & " / ", " ")& IF(AE62>0,AE62 & " "& $AE$51 & " / ", " ")& IF(AF62>0,AF62 & " "& $AF$51 & " / ", " ")& IF(AK62>0,AK62 & " "&$AK$50 & " / ", " ") & IF(AL62>0,AL62 & " "&$AL$50 & " / ", " ")& IF(AM62>0,AM62 & " "& " / ", " ")
B63: =برا!A12 -> جندوبة | C63: =IF(ISBLANK(VLOOKUP($B63,برا!$A$2:AJ41,3,FALSE)),"",VLOOKUP($B63,برا!$A$2:AJ41,3,FALSE)) | D63: =IF(ISBLANK(VLOOKUP($B63,برا!$A$2:AK41,2,FALSE)),"",VLOOKUP($B63,برا!$A$2:AK41,2,FALSE)) | E63: =IF(ISBLANK(VLOOKUP($B63,برا!$A$2:AG41,4,FALSE)),"",VLOOKUP($B63,برا!$A$2:AG41,4,FALSE)) | F63: =IF(ISBLANK(VLOOKUP($B63,برا!$A$2:AG41,5,FALSE)),"",VLOOKUP($B63,برا!$A$2:AG41,5,FALSE)) | G63: =IF(ISBLANK(VLOOKUP($B63,برا!$A$2:AG41,6,FALSE)),"",VLOOKUP($B63,برا!$A$2:AG41,6,FALSE)) | H63: =IF(ISBLANK(VLOOKUP($B63,برا!$A$2:AE41,7,FALSE)),"",VLOOKUP($B63,برا!$A$2:AE41,7,FALSE)) | I63: =IF(ISBLANK(VLOOKUP($B63,برا!$A$2:AF41,8,FALSE)),"",VLOOKUP($B63,برا!$A$2:AF41,8,FALSE)) | J63: =IF(ISBLANK(VLOOKUP($B63,برا!$A$2:AG41,9,FALSE)),"",VLOOKUP($B63,برا!$A$2:AG41,9,FALSE)) | K63: =IF(ISBLANK(VLOOKUP($B63,برا!$A$2:AJ41,10,FALSE)),"",VLOOKUP($B63,برا!$A$2:AJ41,10,FALSE)) | L63: =IF(ISBLANK(VLOOKUP($B63,برا!$A$2:AK41,11,FALSE)),"",VLOOKUP($B63,برا!$A$2:AK41,11,FALSE)) | M63: =IF(ISBLANK(VLOOKUP($B63,برا!$A$2:AK41,12,FALSE)),"",VLOOKUP($B63,برا!$A$2:AK41,12,FALSE)) | N63: =IF(ISBLANK(VLOOKUP($B63,برا!$A$2:AL41,13,FALSE)),"",VLOOKUP($B63,برا!$A$2:AL41,13,FALSE)) | O63: =IF(ISBLANK(VLOOKUP($B63,برا!$A$2:AM41,14,FALSE)),"",VLOOKUP($B63,برا!$A$2:AM41,14,FALSE)) | P63: =IF(ISBLANK(VLOOKUP($B63,برا!$A$2:AN41,15,FALSE)),"",VLOOKUP($B63,برا!$A$2:AN41,15,FALSE)) | Q63: =IF(ISBLANK(VLOOKUP($B63,برا!$A$2:AO41,16,FALSE)),"",VLOOKUP($B63,برا!$A$2:AO41,16,FALSE)) | S63: =IF(ISBLANK(VLOOKUP($B63,برا!$A$2:AQ41,17,FALSE)),"",VLOOKUP($B63,برا!$A$2:AQ41,17,FALSE)) | U63: =IF(ISBLANK(VLOOKUP($B63,برا!$A$2:AS41,18,FALSE)),"",VLOOKUP($B63,برا!$A$2:AS41,18,FALSE)) | V63: =IF(ISBLANK(VLOOKUP($B63,برا!$A$2:AT41,19,FALSE)),"",VLOOKUP($B63,برا!$A$2:AT41,19,FALSE)) | W63: =IF(ISBLANK(VLOOKUP($B63,برا!$A$2:AU41,20,FALSE)),"",VLOOKUP($B63,برا!$A$2:AU41,20,FALSE)) | X63: =IF(ISBLANK(VLOOKUP($B63,برا!$A$2:AU41,21,FALSE)),0,VLOOKUP($B63,برا!$A$2:AU41,21,FALSE)) -> 0 | Y63: =IF(ISBLANK(VLOOKUP($B63,برا!$A$2:AV41,22,FALSE)),0,VLOOKUP($B63,برا!$A$2:AV41,22,FALSE)) -> 0 | Z63: =IF(ISBLANK(VLOOKUP($B63,برا!$A$2:AW41,23,FALSE)),0,VLOOKUP($B63,برا!$A$2:AW41,23,FALSE)) -> 0 | AA63: =IF(ISBLANK(VLOOKUP($B63,برا!$A$2:AX41,24,FALSE)),0,VLOOKUP($B63,برا!$A$2:AX41,24,FALSE)) -> 0 | AB63: =IF(ISBLANK(VLOOKUP($B63,برا!$A$2:AY41,25,FALSE)),0,VLOOKUP($B63,برا!$A$2:AY41,25,FALSE)) -> 0 | AC63: =IF(ISBLANK(VLOOKUP($B63,برا!$A$2:AZ41,26,FALSE)),0,VLOOKUP($B63,برا!$A$2:AZ41,26,FALSE)) -> 0 | AD63: =IF(ISBLANK(VLOOKUP($B63,برا!$A$2:BA41,27,FALSE)),0,VLOOKUP($B63,برا!$A$2:BA41,27,FALSE)) -> 0 | AE63: =IF(ISBLANK(VLOOKUP($B63,برا!$A$2:BB41,28,FALSE)),0,VLOOKUP($B63,برا!$A$2:BB41,28,FALSE)) -> 0 | AF63: =IF(ISBLANK(VLOOKUP($B63,برا!$A$2:BC41,29,FALSE)),0,VLOOKUP($B63,برا!$A$2:BC41,29,FALSE)) -> 0 | AG63: =IF(ISBLANK(VLOOKUP($B63,برا!$A$2:BD41,30,FALSE)),0,VLOOKUP($B63,برا!$A$2:BD41,30,FALSE)) -> 0 | AH63: =IF(ISBLANK(VLOOKUP($B63,برا!$A$2:BE41,31,FALSE)),0,VLOOKUP($B63,برا!$A$2:BE41,31,FALSE)) -> 0 | AI63: =IF(ISBLANK(VLOOKUP($B63,برا!$A$2:BF41,32,FALSE)),0,VLOOKUP($B63,برا!$A$2:BF41,32,FALSE)) -> 0 | AJ63: =IF(ISBLANK(VLOOKUP($B63,برا!$A$2:BG41,33,FALSE)),0,VLOOKUP($B63,برا!$A$2:BG41,33,FALSE)) -> 0 | AK63: =IF(ISBLANK(VLOOKUP($B63,برا!$A$2:BH41,34,FALSE)),0,VLOOKUP($B63,برا!$A$2:BH41,34,FALSE)) -> 0 | AL63: =IF(ISBLANK(VLOOKUP($B63,برا!$A$2:BI41,35,FALSE)),0,VLOOKUP($B63,برا!$A$2:BI41,35,FALSE)) -> 0 | AM63: =IF(ISBLANK(VLOOKUP($B63,برا!$A$2:BJ41,36,FALSE)),0,VLOOKUP($B63,برا!$A$2:BJ41,36,FALSE)) -> 0 | AN63: =IF(X63>0,X63 & " "& $X$50 & " / ", " ") & IF(Y63>0,Y63 & " "&$Y$50 & " / ", " ") & IF(Z63>0,Z63 & " "& $Z$50 & " / ", " ") & IF(AA63>0,AA63 & " "& $AA$50 & " / ", " ")& IF(AB63>0,AB63 & " "& $AB$50 & " / ", " ") & IF(AC63>0,AC63 & " "& $AC$50 & " / ", " ") & IF(AG63>0,AG63 & " "& $AG$50 & " / ", " ") & IF(AH63>0,AH63 & " "& $AH$50 & " / ", " ") & IF(AI63>0,AI63 & " "& $AI$50 & " / ", " ") & IF(AJ63>0,AJ63 & " "& $AJ$50 & " / ", " ")& IF(AD63>0,AD63 & " "& $AD$50 & " / ", " ")& IF(AE63>0,AE63 & " "& $AE$51 & " / ", " ")& IF(AF63>0,AF63 & " "& $AF$51 & " / ", " ")& IF(AK63>0,AK63 & " "&$AK$50 & " / ", " ") & IF(AL63>0,AL63 & " "&$AL$50 & " / ", " ")& IF(AM63>0,AM63 & " "& " / ", " ")
B64: =برا!A13 -> تونس | C64: =IF(ISBLANK(VLOOKUP($B64,برا!$A$2:AJ42,3,FALSE)),"",VLOOKUP($B64,برا!$A$2:AJ42,3,FALSE)) | D64: =IF(ISBLANK(VLOOKUP($B64,برا!$A$2:AK42,2,FALSE)),"",VLOOKUP($B64,برا!$A$2:AK42,2,FALSE)) | E64: =IF(ISBLANK(VLOOKUP($B64,برا!$A$2:AG42,4,FALSE)),"",VLOOKUP($B64,برا!$A$2:AG42,4,FALSE)) | F64: =IF(ISBLANK(VLOOKUP($B64,برا!$A$2:AG42,5,FALSE)),"",VLOOKUP($B64,برا!$A$2:AG42,5,FALSE)) | G64: =IF(ISBLANK(VLOOKUP($B64,برا!$A$2:AG42,6,FALSE)),"",VLOOKUP($B64,برا!$A$2:AG42,6,FALSE)) | H64: =IF(ISBLANK(VLOOKUP($B64,برا!$A$2:AE42,7,FALSE)),"",VLOOKUP($B64,برا!$A$2:AE42,7,FALSE)) | I64: =IF(ISBLANK(VLOOKUP($B64,برا!$A$2:AF42,8,FALSE)),"",VLOOKUP($B64,برا!$A$2:AF42,8,FALSE)) | J64: =IF(ISBLANK(VLOOKUP($B64,برا!$A$2:AG42,9,FALSE)),"",VLOOKUP($B64,برا!$A$2:AG42,9,FALSE)) | K64: =IF(ISBLANK(VLOOKUP($B64,برا!$A$2:AJ42,10,FALSE)),"",VLOOKUP($B64,برا!$A$2:AJ42,10,FALSE)) | L64: =IF(ISBLANK(VLOOKUP($B64,برا!$A$2:AK42,11,FALSE)),"",VLOOKUP($B64,برا!$A$2:AK42,11,FALSE)) | M64: =IF(ISBLANK(VLOOKUP($B64,برا!$A$2:AK42,12,FALSE)),"",VLOOKUP($B64,برا!$A$2:AK42,12,FALSE)) | N64: =IF(ISBLANK(VLOOKUP($B64,برا!$A$2:AL42,13,FALSE)),"",VLOOKUP($B64,برا!$A$2:AL42,13,FALSE)) | O64: =IF(ISBLANK(VLOOKUP($B64,برا!$A$2:AM42,14,FALSE)),"",VLOOKUP($B64,برا!$A$2:AM42,14,FALSE)) | P64: =IF(ISBLANK(VLOOKUP($B64,برا!$A$2:AN42,15,FALSE)),"",VLOOKUP($B64,برا!$A$2:AN42,15,FALSE)) | Q64: =IF(ISBLANK(VLOOKUP($B64,برا!$A$2:AO42,16,FALSE)),"",VLOOKUP($B64,برا!$A$2:AO42,16,FALSE)) | S64: =IF(ISBLANK(VLOOKUP($B64,برا!$A$2:AQ42,17,FALSE)),"",VLOOKUP($B64,برا!$A$2:AQ42,17,FALSE)) | U64: =IF(ISBLANK(VLOOKUP($B64,برا!$A$2:AS42,18,FALSE)),"",VLOOKUP($B64,برا!$A$2:AS42,18,FALSE)) | V64: =IF(ISBLANK(VLOOKUP($B64,برا!$A$2:AT42,19,FALSE)),"",VLOOKUP($B64,برا!$A$2:AT42,19,FALSE)) | W64: =IF(ISBLANK(VLOOKUP($B64,برا!$A$2:AU42,20,FALSE)),"",VLOOKUP($B64,برا!$A$2:AU42,20,FALSE)) | X64: =IF(ISBLANK(VLOOKUP($B64,برا!$A$2:AU42,21,FALSE)),0,VLOOKUP($B64,برا!$A$2:AU42,21,FALSE)) -> 0 | Y64: =IF(ISBLANK(VLOOKUP($B64,برا!$A$2:AV42,22,FALSE)),0,VLOOKUP($B64,برا!$A$2:AV42,22,FALSE)) -> 0 | Z64: =IF(ISBLANK(VLOOKUP($B64,برا!$A$2:AW42,23,FALSE)),0,VLOOKUP($B64,برا!$A$2:AW42,23,FALSE)) -> 0 | AA64: =IF(ISBLANK(VLOOKUP($B64,برا!$A$2:AX42,24,FALSE)),0,VLOOKUP($B64,برا!$A$2:AX42,24,FALSE)) -> 0 | AB64: =IF(ISBLANK(VLOOKUP($B64,برا!$A$2:AY42,25,FALSE)),0,VLOOKUP($B64,برا!$A$2:AY42,25,FALSE)) -> 0 | AC64: =IF(ISBLANK(VLOOKUP($B64,برا!$A$2:AZ42,26,FALSE)),0,VLOOKUP($B64,برا!$A$2:AZ42,26,FALSE)) -> 0 | AD64: =IF(ISBLANK(VLOOKUP($B64,برا!$A$2:BA42,27,FALSE)),0,VLOOKUP($B64,برا!$A$2:BA42,27,FALSE)) -> 0 | AE64: =IF(ISBLANK(VLOOKUP($B64,برا!$A$2:BB42,28,FALSE)),0,VLOOKUP($B64,برا!$A$2:BB42,28,FALSE)) -> 0 | AF64: =IF(ISBLANK(VLOOKUP($B64,برا!$A$2:BC42,29,FALSE)),0,VLOOKUP($B64,برا!$A$2:BC42,29,FALSE)) -> 0 | AG64: =IF(ISBLANK(VLOOKUP($B64,برا!$A$2:BD42,30,FALSE)),0,VLOOKUP($B64,برا!$A$2:BD42,30,FALSE)) -> 0 | AH64: =IF(ISBLANK(VLOOKUP($B64,برا!$A$2:BE42,31,FALSE)),0,VLOOKUP($B64,برا!$A$2:BE42,31,FALSE)) -> 0 | AI64: =IF(ISBLANK(VLOOKUP($B64,برا!$A$2:BF42,32,FALSE)),0,VLOOKUP($B64,برا!$A$2:BF42,32,FALSE)) -> 0 | AJ64: =IF(ISBLANK(VLOOKUP($B64,برا!$A$2:BG42,33,FALSE)),0,VLOOKUP($B64,برا!$A$2:BG42,33,FALSE)) -> 0 | AK64: =IF(ISBLANK(VLOOKUP($B64,برا!$A$2:BH42,34,FALSE)),0,VLOOKUP($B64,برا!$A$2:BH42,34,FALSE)) -> 0 | AL64: =IF(ISBLANK(VLOOKUP($B64,برا!$A$2:BI42,35,FALSE)),0,VLOOKUP($B64,برا!$A$2:BI42,35,FALSE)) -> 0 | AM64: =IF(ISBLANK(VLOOKUP($B64,برا!$A$2:BJ42,36,FALSE)),0,VLOOKUP($B64,برا!$A$2:BJ42,36,FALSE)) -> 0 | AN64: =IF(X64>0,X64 & " "& $X$50 & " / ", " ") & IF(Y64>0,Y64 & " "&$Y$50 & " / ", " ") & IF(Z64>0,Z64 & " "& $Z$50 & " / ", " ") & IF(AA64>0,AA64 & " "& $AA$50 & " / ", " ")& IF(AB64>0,AB64 & " "& $AB$50 & " / ", " ") & IF(AC64>0,AC64 & " "& $AC$50 & " / ", " ") & IF(AG64>0,AG64 & " "& $AG$50 & " / ", " ") & IF(AH64>0,AH64 & " "& $AH$50 & " / ", " ") & IF(AI64>0,AI64 & " "& $AI$50 & " / ", " ") & IF(AJ64>0,AJ64 & " "& $AJ$50 & " / ", " ")& IF(AD64>0,AD64 & " "& $AD$50 & " / ", " ")& IF(AE64>0,AE64 & " "& $AE$51 & " / ", " ")& IF(AF64>0,AF64 & " "& $AF$51 & " / ", " ")& IF(AK64>0,AK64 & " "&$AK$50 & " / ", " ") & IF(AL64>0,AL64 & " "&$AL$50 & " / ", " ")& IF(AM64>0,AM64 & " "& " / ", " ")
... B82: =برا!A31 -> إدارة الشؤون العدلية | C82: =IF(ISBLANK(VLOOKUP($B82,برا!$A$2:AJ60,3,FALSE)),"",VLOOKUP($B82,برا!$A$2:AJ60,3,FALSE)) | D82: =IF(ISBLANK(VLOOKUP($B82,برا!$A$2:AK60,2,FALSE)),"",VLOOKUP($B82,برا!$A$2:AK60,2,FALSE)) | E82: =IF(ISBLANK(VLOOKUP($B82,برا!$A$2:AG60,4,FALSE)),"",VLOOKUP($B82,برا!$A$2:AG60,4,FALSE)) | F82: =IF(ISBLANK(VLOOKUP($B82,برا!$A$2:AG60,5,FALSE)),"",VLOOKUP($B82,برا!$A$2:AG60,5,FALSE)) | G82: =IF(ISBLANK(VLOOKUP($B82,برا!$A$2:AG60,6,FALSE)),"",VLOOKUP($B82,برا!$A$2:AG60,6,FALSE)) | H82: =IF(ISBLANK(VLOOKUP($B82,برا!$A$2:AE60,7,FALSE)),"",VLOOKUP($B82,برا!$A$2:AE60,7,FALSE)) | I82: =IF(ISBLANK(VLOOKUP($B82,برا!$A$2:AF60,8,FALSE)),"",VLOOKUP($B82,برا!$A$2:AF60,8,FALSE)) | J82: =IF(ISBLANK(VLOOKUP($B82,برا!$A$2:AG60,9,FALSE)),"",VLOOKUP($B82,برا!$A$2:AG60,9,FALSE)) | K82: =IF(ISBLANK(VLOOKUP($B82,برا!$A$2:AJ60,10,FALSE)),"",VLOOKUP($B82,برا!$A$2:AJ60,10,FALSE)) | L82: =IF(ISBLANK(VLOOKUP($B82,برا!$A$2:AK60,11,FALSE)),"",VLOOKUP($B82,برا!$A$2:AK60,11,FALSE)) | M82: =IF(ISBLANK(VLOOKUP($B82,برا!$A$2:AK60,12,FALSE)),"",VLOOKUP($B82,برا!$A$2:AK60,12,FALSE)) | N82: =IF(ISBLANK(VLOOKUP($B82,برا!$A$2:AL60,13,FALSE)),"",VLOOKUP($B82,برا!$A$2:AL60,13,FALSE)) | O82: =IF(ISBLANK(VLOOKUP($B82,برا!$A$2:AM60,14,FALSE)),"",VLOOKUP($B82,برا!$A$2:AM60,14,FALSE)) | P82: =IF(ISBLANK(VLOOKUP($B82,برا!$A$2:AN60,15,FALSE)),"",VLOOKUP($B82,برا!$A$2:AN60,15,FALSE)) | Q82: =IF(ISBLANK(VLOOKUP($B82,برا!$A$2:AO60,16,FALSE)),"",VLOOKUP($B82,برا!$A$2:AO60,16,FALSE)) | S82: =IF(ISBLANK(VLOOKUP($B82,برا!$A$2:AQ60,17,FALSE)),"",VLOOKUP($B82,برا!$A$2:AQ60,17,FALSE)) | U82: =IF(ISBLANK(VLOOKUP($B82,برا!$A$2:AS60,18,FALSE)),"",VLOOKUP($B82,برا!$A$2:AS60,18,FALSE)) | V82: =IF(ISBLANK(VLOOKUP($B82,برا!$A$2:AT60,19,FALSE)),"",VLOOKUP($B82,برا!$A$2:AT60,19,FALSE)) | W82: =IF(ISBLANK(VLOOKUP($B82,برا!$A$2:AU60,20,FALSE)),"",VLOOKUP($B82,برا!$A$2:AU60,20,FALSE)) | X82: =IF(ISBLANK(VLOOKUP($B82,برا!$A$2:AU60,21,FALSE)),0,VLOOKUP($B82,برا!$A$2:AU60,21,FALSE)) -> 0 | Y82: =IF(ISBLANK(VLOOKUP($B82,برا!$A$2:AV60,22,FALSE)),0,VLOOKUP($B82,برا!$A$2:AV60,22,FALSE)) -> 0 | Z82: =IF(ISBLANK(VLOOKUP($B82,برا!$A$2:AW60,23,FALSE)),0,VLOOKUP($B82,برا!$A$2:AW60,23,FALSE)) -> 0 | AA82: =IF(ISBLANK(VLOOKUP($B82,برا!$A$2:AX60,24,FALSE)),0,VLOOKUP($B82,برا!$A$2:AX60,24,FALSE)) -> 0 | AB82: =IF(ISBLANK(VLOOKUP($B82,برا!$A$2:AY60,25,FALSE)),0,VLOOKUP($B82,برا!$A$2:AY60,25,FALSE)) -> 0 | AC82: =IF(ISBLANK(VLOOKUP($B82,برا!$A$2:AZ60,26,FALSE)),0,VLOOKUP($B82,برا!$A$2:AZ60,26,FALSE)) -> 0 | AD82: =IF(ISBLANK(VLOOKUP($B82,برا!$A$2:BA60,27,FALSE)),0,VLOOKUP($B82,برا!$A$2:BA60,27,FALSE)) -> 0 | AE82: =IF(ISBLANK(VLOOKUP($B82,برا!$A$2:BB60,28,FALSE)),0,VLOOKUP($B82,برا!$A$2:BB60,28,FALSE)) -> 0 | AF82: =IF(ISBLANK(VLOOKUP($B82,برا!$A$2:BC60,29,FALSE)),0,VLOOKUP($B82,برا!$A$2:BC60,29,FALSE)) -> 0 | AG82: =IF(ISBLANK(VLOOKUP($B82,برا!$A$2:BD60,30,FALSE)),0,VLOOKUP($B82,برا!$A$2:BD60,30,FALSE)) -> 0 | AH82: =IF(ISBLANK(VLOOKUP($B82,برا!$A$2:BE60,31,FALSE)),0,VLOOKUP($B82,برا!$A$2:BE60,31,FALSE)) -> 0 | AI82: =IF(ISBLANK(VLOOKUP($B82,برا!$A$2:BF60,32,FALSE)),0,VLOOKUP($B82,برا!$A$2:BF60,32,FALSE)) -> 0 | AJ82: =IF(ISBLANK(VLOOKUP($B82,برا!$A$2:BG60,33,FALSE)),0,VLOOKUP($B82,برا!$A$2:BG60,33,FALSE)) -> 0 | AK82: =IF(ISBLANK(VLOOKUP($B82,برا!$A$2:BH60,34,FALSE)),0,VLOOKUP($B82,برا!$A$2:BH60,34,FALSE)) -> 0 | AL82: =IF(ISBLANK(VLOOKUP($B82,برا!$A$2:BI60,35,FALSE)),0,VLOOKUP($B82,برا!$A$2:BI60,35,FALSE)) -> 0 | AM82: =IF(ISBLANK(VLOOKUP($B82,برا!$A$2:BJ60,36,FALSE)),0,VLOOKUP($B82,برا!$A$2:BJ60,36,FALSE)) -> 0 | AN82: =IF(X82>0,X82 & " "& $X$50 & " / ", " ") & IF(Y82>0,Y82 & " "&$Y$50 & " / ", " ") & IF(Z82>0,Z82 & " "& $Z$50 & " / ", " ") & IF(AA82>0,AA82 & " "& $AA$50 & " / ", " ")& IF(AB82>0,AB82 & " "& $AB$50 & " / ", " ") & IF(AC82>0,AC82 & " "& $AC$50 & " / ", " ") & IF(AG82>0,AG82 & " "& $AG$50 & " / ", " ") & IF(AH82>0,AH82 & " "& $AH$50 & " / ", " ") & IF(AI82>0,AI82 & " "& $AI$50 & " / ", " ") & IF(AJ82>0,AJ82 & " "& $AJ$50 & " / ", " ")& IF(AD82>0,AD82 & " "& $AD$50 & " / ", " ")& IF(AE82>0,AE82 & " "& $AE$51 & " / ", " ")& IF(AF82>0,AF82 & " "& $AF$51 & " / ", " ")& IF(AK82>0,AK82 & " "&$AK$50 & " / ", " ") & IF(AL82>0,AL82 & " "&$AL$50 & " / ", " ")& IF(AM82>0,AM82 & " "& " / ", " ")
B83: المجموع | C83: =SUM(C53:C82) -> 2 | D83: *** | E83: =SUM(E53:E82) -> 0 | F83: =SUM(F53:F82) -> 0 | G83: =SUM(G53:G82) -> 0 | H83: =SUM(H53:H82) -> 0 | I83: =SUM(I53:I82) -> 2 | J83: =SUM(J53:J82) -> 0 | K83: =SUM(K53:K82) -> 0 | L83: =SUM(L53:L82) -> 2 | ... Q83: =SUM(Q53:Q82) -> 1 | R83: ***** | S83: =SUM(S53:S82) -> 0 | T83: ****** | U83: =SUM(U53:U82) -> 0 | V83: =SUM(V53:V82) -> 0 | W83: =SUM(W53:W82) -> 0 | X83: =SUM(X53:X82) -> 0 | Y83: =SUM(Y53:Y82) -> 0 | Z83: =SUM(Z53:Z82) -> 0 | AA83: =SUM(AA53:AA82) -> 0 | AB83: =SUM(AB53:AB82) -> 0 | ... AM83: =SUM(AM53:AM82) -> 0 | AN83: *******
E84: =E83+F83 -> 0 | G84: =G83+H83 -> 0 | I84: =I83+J83 -> 2 | K84: =K83+L83+M83 -> 2 | N84: =N83+O83 -> 2 | P84: =P83+Q83 -> 1
E85: =E84+G84+I84 -> 2

Sheet برا
A1: الأقاليم | B1: مكان انطلاق العملية | C1: عدد العمليات | D1: تونسيين ذكور | E1: تونسيين اناث | F1: افارقة ذكور | G1: افارقة اناث | H1: جنسيات أخرى ذكور | I1: جنسيات أخرى اناث | J1: أقل من 18 سنة | K1: بين 18و 40سنة | L1: أكثر من40 سنة | M1: عدد الموقوفين تونسيين | N1: عدد الموقوفين أجانب | O1: عدد المنظمين | P1: عدد الوسطاء | Q1: العناصر الأمنية المورطة | R1: منظمين و وسطاء مفتش عنهم | S1: مفتش عنهم في قضايا حق عام | T1: عناصر سلفية | U1: مركب | V1: محرك | W1: زورق | X1: سيارات | Y1: شاحنة | Z1: دراجة نارية | AA1: د.التونسي | AB1: الدولار | AC1: الأورو | AD1: هواتف | AE1: حاويات بنزين | AF1: بوصلة | AG1: جمازات | AH1: كاياك | AI1: ناقلة | AJ1: مختلفة | AL1: رقم الاشعار
A2: نابل
A3: مدنين
A4: قفصة
A5: قبلي
A6: قابس
A7: صفاقس | B7: العامرة | P7: 1 | AJ7: جرار فلاحي + صهريج مياه | AL7: 867
A8: سيدي بوزيد
A9: سوسة
A10: سليانة
A11: زغوان
A12: جندوبة
A13: تونس
A14: توزر
A15: تطاوين | B15: تطاوين | C15: 1 | H15: 1 | K15: 1 | N15: 1 | AL15: 183
A16: بنزرت
A17: بن عروس
A18: باجة
A19: المهدية
A20: المنستير
A21: الكاف | B21: قلعة سنان | C21: 1 | H21: 1 | K21: 1 | N21: 1 | AL21: 303
A22: القيروان
A23: القصرين
A24: الفرق المركزية للأبحاث
A25: إقليم الحرس البحري بالوسط
A26: إقليم الحرس البحري بالشمال
A27: إقليم الحرس البحري بالساحل
A28: إقليم الحرس البحري بالجنوب
A29: أريانة
A30: إدارة حرس المرور
A31: إدارة الشؤون العدلية
A33: الأقاليم | B33: مكان انطلاق العملية | C33: عدد العمليات | D33: تونسيين ذكور | E33: تونسيين اناث | F33: افارقة ذكور | G33: افارقة اناث | H33: جنسيات أخرى ذكور | I33: جنسيات أخرى اناث | J33: أقل من 18 سنة | K33: بين 18و 40سنة | L33: أكثر من40 سنة | M33: عدد الموقوفين تونسيين | N33: عدد الموقوفين أجانب | O33: عدد المنظمين | P33: عدد الوسطاء | Q33: العناصر الأمنية المورطة | R33: منظمين و وسطاء مفتش عنهم | S33: مفتش عنهم في قضايا حق عام | T33: عناصر سلفية | U33: مركب | V33: محرك | W33: زورق | X33: سيارات | Y33: شاحنة | Z33: دراجة نارية | AA33: د.التونسي | AB33: الدولار | AC33: الأورو | AD33: هواتف | AE33: بنزين | AF33: بوصلة | AG33: جمازات
A34: المجموع | C34: =SUM(برا[عدد العمليات]) -> 2 | D34: =SUM(برا[تونسيين ذكور]) -> 0 | E34: =SUM(برا[تونسيين اناث]) -> 0 | F34: =SUM(برا[افارقة ذكور]) -> 0 | G34: =SUM(برا[افارقة اناث]) -> 0 | H34: =SUM(برا[جنسيات أخرى ذكور]) -> 2 | I34: =SUM(برا[جنسيات أخرى اناث]) -> 0 | J34: =SUM(برا[أقل من 18 سنة]) -> 0 | K34: =SUM(برا[بين 18و 40سنة]) -> 2 | L34: =SUM(برا[أكثر من40 سنة]) -> 0 | M34: =SUM(برا[عدد الموقوفين تونسيين]) -> 0 | N34: =SUM(برا[عدد الموقوفين أجانب]) -> 2 | O34: =SUM(برا[[عدد المنظمين ]]) -> 0 | P34: =SUM(برا[عدد الوسطاء]) -> 1 | Q34: =SUM(برا[العناصر الأمنية المورطة]) -> 0 | R34: =SUM(برا[منظمين و وسطاء مفتش عنهم]) -> 0 | S34: =SUM(برا[مفتش عنهم في قضايا حق عام]) -> 0 | T34: =SUM(برا[عناصر سلفية]) -> 0 | U34: =SUM(برا[مركب]) -> 0 | V34: =SUM(برا[محرك]) -> 0 | W34: =SUM(برا[زورق]) -> 0 | X34: =SUM(برا[سيارات]) -> 0 | Y34: =SUM(برا[شاحنة]) -> 0 | Z34: =SUM(برا[دراجة نارية]) -> 0 | AA34: =SUM(برا[د.التونسي]) -> 0 | AB34: =SUM(برا[الدولار]) -> 0 | AC34: =SUM(برا[الأورو]) -> 0 | AD34: =SUM(برا[هواتف]) -> 0 | AE34: =SUM(برا[حاويات بنزين]) -> 0 | AF34: =SUM(برا[بوصلة]) -> 0 | AG34: =SUM(برا[جمازات]) -> 0 | AJ34: =AJ2&AJ3&AJ4&AJ5&AJ6&AJ7&AJ8&AJ9&AJ10&AJ11&AJ12&AJ13&AJ14&AJ15&AJ16&AJ17&AJ18&AJ19&AJ20&AJ21&AJ22&AJ23&AJ24&AJ25&AJ26&AJ27&AJ28&AJ29&AJ30&AJ31 -> جرار فلاحي + صهريج مياه

Sheet بحرا
A1: الأقاليم | B1: مكان انطلاق العملية | C1: عدد العمليات | D1: تونسيين ذكور | E1: تونسيين اناث | F1: افارقة ذكور | G1: افارقة اناث | H1: جنسيات أخرى ذكور | I1: جنسيات أخرى اناث | J1: أقل من 18 سنة | K1: بين 18و 40سنة | L1: أكثر من40 سنة | M1: عدد الموقوفين تونسيين | N1: عدد الموقوفين أجانب | O1: عدد المنظمين | P1: عدد الوسطاء | Q1: العناصر الأمنية المورطة | R1: منظمين و وسطاء مفتش عنهم | S1: مفتش عنهم في قضايا حق عام | T1: عناصر سلفية | U1: مركب | V1: محرك | W1: زورق | X1: سيارات | Y1: شاحنة | Z1: دراجة نارية | AA1: د.التونسي | AB1: الدولار | AC1: الأورو | AD1: هواتف | AE1: بنزين | AF1: بوصلة | AG1: جمازات | AH1: كاياك | AI1: ناقلة | AJ1: مختلفة | AL1: رقم الاشعار
A2: نابل
A3: مدنين
A4: قفصة
A5: قبلي
A6: قابس
A7: صفاقس
A8: سيدي بوزيد
A9: سوسة
A10: سليانة
A11: زغوان
A12: جندوبة
A13: تونس
... A31: إدارة الشؤون العدلية
A33: الأقاليم | B33: مكان انطلاق العملية | C33: عدد العمليات | D33: تونسيين ذكور | E33: تونسيين اناث | F33: افارقة ذكور | G33: افارقة اناث | H33: جنسيات أخرى ذكور | I33: جنسيات أخرى اناث | J33: أقل من 18 سنة | K33: بين 18و 40سنة | L33: أكثر من40 سنة | M33: عدد الموقوفين تونسيين | N33: عدد الموقوفين أجانب | O33: عدد المنظمين | P33: عدد الوسطاء | Q33: العناصر الأمنية المورطة | R33: منظمين و وسطاء مفتش عنهم | S33: مفتش عنهم في قضايا حق عام | T33: عناصر سلفية | U33: مركب | V33: محرك | W33: زورق | X33: سيارات | Y33: شاحنة | Z33: دراجة نارية | AA33: د.التونسي | AB33: الدولار | AC33: الأورو | AD33: هواتف | AE33: بنزين | AF33: بوصلة | AG33: جمازات | AH33: كاياك | AI33: ناقلة | AJ33: مختلفة
U34: =برا!U34 -> 0 | V34: =برا!V34 -> 0 | W34: =برا!W34 -> 0 | X34: =برا!X34 -> 0 | Y34: =برا!Y34 -> 0 | Z34: =برا!Z34 -> 0 | AA34: =برا!AA34 -> 0 | AB34: =برا!AB34 -> 0 | ... AI34: =برا!AI34 -> 0 | AJ34: =IF(برا!AJ34=0,"",برا!AJ34) -> جرار فلاحي + صهريج مياه
C35: =SUM(بحرا[عدد العمليات]) -> 0 | D35: =SUM(بحرا[تونسيين ذكور]) -> 0 | E35: =SUM(بحرا[تونسيين اناث]) -> 0 | F35: =SUM(بحرا[افارقة ذكور]) -> 0 | G35: =SUM(بحرا[افارقة اناث]) -> 0 | H35: =SUM(بحرا[جنسيات أخرى ذكور]) -> 0 | I35: =SUM(بحرا[جنسيات أخرى اناث]) -> 0 | J35: =SUM(بحرا[أقل من 18 سنة]) -> 0 | K35: =SUM(بحرا[بين 18و 40سنة]) -> 0 | L35: =SUM(بحرا[أكثر من40 سنة]) -> 0 | M35: =SUM(بحرا[عدد الموقوفين تونسيين]) -> 0 | N35: =SUM(بحرا[عدد الموقوفين أجانب]) -> 0 | O35: =SUM(بحرا[[عدد المنظمين ]]) -> 0 | P35: =SUM(بحرا[عدد الوسطاء]) -> 0 | Q35: =SUM(بحرا[العناصر الأمنية المورطة]) -> 0 | R35: =SUM(بحرا[منظمين و وسطاء مفتش عنهم]) -> 0 | S35: =SUM(بحرا[مفتش عنهم في قضايا حق عام]) -> 0 | T35: =SUM(بحرا[عناصر سلفية]) -> 0 | U35: =SUM(بحرا[مركب]) -> 0 | V35: =SUM(بحرا[محرك]) -> 0 | W35: =SUM(بحرا[زورق]) -> 0 | X35: =SUM(بحرا[سيارات]) -> 0 | Y35: =SUM(بحرا[شاحنة]) -> 0 | Z35: =SUM(بحرا[دراجة نارية]) -> 0 | AA35: =SUM(بحرا[د.التونسي]) -> 0 | AB35: =SUM(بحرا[الدولار]) -> 0 | AC35: =SUM(بحرا[الأورو]) -> 0 | AD35: =SUM(بحرا[هواتف]) -> 0 | AE35: =SUM(بحرا[[ بنزين]]) -> 0 | AF35: =SUM(بحرا[بوصلة]) -> 0 | AG35: =SUM(بحرا[جمازات]) -> 0 | AH35: =SUM(بحرا[كاياك]) -> 0 | AI35: =SUM(بحرا[ناقلة]) -> 0 | AJ35: =AJ2&AJ3&AJ4&AJ5&AJ6&AJ7&AJ8&AJ9&AJ10&AJ11&AJ12&AJ13&AJ14&AJ15&AJ16&AJ17&AJ18&AJ19&AJ20&AJ21&AJ22&AJ23&AJ24&AJ25&AJ26&AJ27&AJ28&AJ29&AJ30&AJ31
A36: المجمع | C36: =SUM(بحرا[عدد العمليات]) -> 0 | D36: =SUM(بحرا[تونسيين ذكور]) -> 0 | E36: =SUM(بحرا[تونسيين اناث]) -> 0 | F36: =SUM(بحرا[افارقة ذكور]) -> 0 | G36: =SUM(بحرا[افارقة اناث]) -> 0 | H36: =SUM(بحرا[جنسيات أخرى ذكور]) -> 0 | I36: =SUM(بحرا[جنسيات أخرى اناث]) -> 0 | J36: =SUM(بحرا[أقل من 18 سنة]) -> 0 | K36: =SUM(بحرا[بين 18و 40سنة]) -> 0 | L36: =SUM(بحرا[أكثر من40 سنة]) -> 0 | M36: =SUM(بحرا[عدد الموقوفين تونسيين]) -> 0 | N36: =SUM(بحرا[عدد الموقوفين أجانب]) -> 0 | O36: =SUM(بحرا[[عدد المنظمين ]]) -> 0 | P36: =SUM(بحرا[عدد الوسطاء]) -> 0 | Q36: =SUM(بحرا[العناصر الأمنية المورطة]) -> 0 | R36: =SUM(بحرا[منظمين و وسطاء مفتش عنهم]) -> 0 | S36: =SUM(بحرا[مفتش عنهم في قضايا حق عام]) -> 0 | T36: =SUM(بحرا[عناصر سلفية]) -> 0 | U36: =U35+U34 -> 0 | V36: =V35+V34 -> 0 | W36: =W35+W34 -> 0 | X36: =X35+X34 -> 0 | Y36: =Y35+Y34 -> 0 | Z36: =Z35+Z34 -> 0 | AA36: =AA35+AA34 -> 0 | AB36: =AB35+AB34 -> 0 | ... AI36: =AI35+AI34 -> 0 | AJ36: =AJ35&AJ34 -> جرار فلاحي + صهريج مياه
I53: =IF(U36=0,"",IF(U36=1," + عدد 1 مركب ",IF(AND(U36>=2,U36<=10),"+ عدد "&U36&" مراكب ","+ عدد "&U36&" مركب")))
I54: =IF(V36=0,"",IF(V36=1,"+ عدد 1 محرك ",IF(AND(V36>=2,V36<=10)," + عدد "&V36&" محركات "," + عدد "&V36&" محرك")))
I55: =IF(W36=0,"",IF(W36=1,"+ عدد 1 زورق ",IF(AND(W36>=2,W36<=10)," + عدد "&W36&" زوارق "," + عدد "&W36&" زورق")))
I56: =IF(X36=0,"",IF(X36=1,"+ عدد 01 سيارة ",IF(AND(X36>=2,X36<=10)," + عدد "&X36&" سيارات "," + عدد "&X36&" سيارة")))
I57: =IF(Y36=0,"",IF(Y36=1,"+ عدد 01 شاحنة ",IF(AND(Y36>=2,Y36<=10)," + عدد "&Y36&" شاحنات "," + عدد "&Y36&" شاحنة")))
I58: =IF(Z36=0,"",IF(Z36=1,"+عدد 01 دراجة نارية ",IF(AND(Z36>=2,Z36<=10)," + عدد "&Z36&" درجات نارية "," + عدد "&Z36&" دراجة نارية")))
I59: =IF(AD36=0,"",IF(AD36=1,"+ عدد 01 هاتف جوال ",IF(AND(AD36>=2,AD36<=10)," + عدد "&AD36&" هواتف جوالة "," + عدد "&AD36&" هاتف جوال")))
I60: =IF(AG36=0,"",IF(AG36=1,"+ عدد 01 جمازة ",IF(AND(AG36>=2,AG36<=10)," + عدد "&AG36&" جمازات "," + عدد "&AG36&" جمازة")))
I61: =IF(AF36=0,"",IF(AF36=1,"+ عدد 01 بوصلة ",IF(AND(AF36>=2,AF36<=10)," + عدد "&AF36&" بوصلات "," + عدد "&AF36&" بوصلة")))
I62: =IF(AH36=0,"",IF(AH36=1,"+ عدد 01 كاياك ",IF(AND(AH36>=2,AH36<=10)," + عدد "&AH36&" كاياك "," + عدد "&AH36&" كاياك")))
I63: =IF(AI36=0,"",IF(AI36=1,"+ عدد 01 ناقلة ",IF(AND(AI36>=2,AI36<=10)," + عدد "&AI36&" ناقلة "," + عدد "&AI36&" ناقلة")))
I64: =AJ36 -> جرار فلاحي + صهريج مياه
I65: =IF(AA36=0,""," + "&AA36&" دينار تونسي")
I66: =IF(AB36=0,""," + "&AB36&" دولار")
I67: =IF(AC36=0,""," + "&AC36&" أورو")
I68: =IF(AE36=0,""," + "&AE36&" لتر من البنزين")
I75: =IF(I53&I54&I55&I56&I57&I58&I59&I60&I61&I62&I63&I64&I65&I66&I67&I68&I69&I70&I71&I72&I73&I74="","-",IF(LEFT(I53&I54&I55&I56&I57&I58&I59&I60&I61&I62&I63&I64&I65&I66&I67&I68&I69&I70&I71&I72&I73&I74,1)=" ",RIGHT(I53&I54&I55&I56&I57&I58&I59&I60&I61&I62&I63&I64&I65&I66&I67&I68&I69&I70&I71&I72&I73&I74,LEN(I53&I54&I55&I56&I57&I58&I59&I60&I61&I62&I63&I64&I65&I66&I67&I68&I69&I70&I71&I72&I73&I74)-2),RIGHT(I53&I54&I55&I56&I57&I58&I59&I60&I61&I62&I63&I64&I65&I66&I67&I68&I69&I70&I71&I72&I73&I74,LEN(I53&I54&I55&I56&I57&I58&I59&I60&I61&I62&I63&I64&I65&I66&I67&I68&I69&I70&I71&I72&I73&I74)-1))) -> جرار فلاحي + صهريج مياه
