Workbook

Sheet النشاط
B1: وزارة الداخلية العوينة في : 2026/01/02 إدارة عمليات الحرس الوطني | I1: وزارة الداخلية إدارة عمليات الحرس الوطني
B2: عدد / 91/ | I2: المداهمات ليوم 2026/01/01
B3: كشف يومي في الأشخاص المفتش عنهم ليوم 2026/01/01
B4: الإقليم | C4: لفائدة الحرس الوطني | D4: لفائدة الأمن الوطني | E4: لفائدة العدالة | F4: المجموع | I4: الإقليم | J4: المداهمات | K4: التحريات | L4: الإيقافات
B5: نابل | C5: 4 | D5: 0 | E5: 3 | F5: =E5+D5+C5 -> 7 | I5: تونس | J5: 0 | K5: 0 | L5: 0
B6: مدنين | C6: 0 | D6: 0 | E6: 3 | F6: =E6+D6+C6 -> 3 | I6: أريانة | J6: 6 | K6: 6 | L6: 0
B7: قفصة | C7: 1 | D7: 0 | E7: 45 | F7: =E7+D7+C7 -> 46 | I7: بن عروس | J7: 0 | K7: 0 | L7: 0
B8: قبلي | C8: 2 | D8: 1 | E8: 4 | F8: =E8+D8+C8 -> 7 | I8: بنزرت | J8: 0 | K8: 54 | L8: 0
B9: قابس | C9: 0 | D9: 0 | E9: 4 | F9: =E9+D9+C9 -> 4 | I9: نابل | J9: 0 | K9: 0 | L9: 0
B10: صفاقس | C10: 3 | D10: 0 | E10: 3 | F10: =E10+D10+C10 -> 6 | I10: زغوان | J10: 4 | K10: 0 | L10: 0
B11: سيدي بوزيد | C11: 5 | D11: 0 | E11: 8 | F11: =E11+D11+C11 -> 13 | I11: سوسة | J11: 0 | K11: 2 | L11: 0
B12: سوسة | C12: 1 | D12: 2 | E12: 14 | F12: =E12+D12+C12 -> 17 | I12: المهدية | J12: 0 | K12: 0 | L12: 0
B13: سليانة | C13: 2 | D13: 2 | E13: 8 | F13: =E13+D13+C13 -> 12 | I13: المنستير | J13: 75 | K13: 3 | L13: 0
B14: زغوان | C14: 3 | D14: 2 | E14: 13 | F14: =E14+D14+C14 -> 18 | I14: القيروان | J14: 0 | K14: 0 | L14: 0
B15: جندوبة | C15: 1 | D15: 1 | E15: 1 | F15: =E15+D15+C15 -> 3 | I15: صفاقس | J15: 0 | K15: 0 | L15: 0
B16: تونس | C16: 3 | D16: 0 | E16: 5 | F16: =E16+D16+C16 -> 8 | I16: قابس | J16: 0 | K16: 0 | L16: 0
... B31: إقليم الحرس البحري بالجنوب | C31: 0 | D31: 0 | E31: 0 | F31: =E31+D31+C31 -> 0 | I31: إقليم الحرس البحري بالجنوب | J31: 0 | K31: 0 | L31: 0
B32: أريانة | C32: 11 | D32: 1 | E32: 11 | F32: =E32+D32+C32 -> 23 | I32: المجموع | J32: =SUM(J5:J31) -> 92 | K32: =SUM(K5:K31) -> 74 | L32: =SUM(L5:L31) -> 0
B33: إدارة مكافحة الإرهاب | C33: 0 | D33: 0 | E33: 0 | F33: =E33+D33+C33 -> 0
B34: إدارة حرس المرور | C34: 1 | D34: 0 | E34: 0 | F34: =E34+D34+C34 -> 1
B35: إدارة الشؤون العدلية | C35: 0 | D35: 0 | E35: 0 | F35: =E35+D35+C35 -> 0
B36: المجموع | C36: =SUM(C5:C35) -> 64 | D36: =SUM(D5:D35) -> 18 | E36: =SUM(E5:E35) -> 180 | F36: =SUM(F5:F35) -> 262

Sheet العناصر الخطيرة   
A1: الأقاليم | B1: عدد الأشخاص المفتش عنهم والملقي عليهم القبض | C1: عدد المفتش عنهم في حالة أحتفاظ | D1: عدد العناصر الخطيرة المحتفظ بهم | E1: وسائل محل تفتيش
A2: نابل | B2: =النشاط!F5 -> 7 | D2: 1
A3: مدنين | B3: =النشاط!F6 -> 3
A4: قفصة | B4: =النشاط!F7 -> 46
A5: قبلي | B5: =النشاط!F8 -> 7
A6: قابس | B6: =النشاط!F9 -> 4 | E6: 2
A7: صفاقس | B7: =النشاط!F10 -> 6 | D7: 2
A8: سيدي بوزيد | B8: =النشاط!F11 -> 13 | E8: 1
A9: سوسة | B9: =النشاط!F12 -> 17 | D9: 1 | E9: 2
A10: سليانة | B10: =النشاط!F13 -> 12 | E10: 2
A11: زغوان | B11: =النشاط!F14 -> 18
A12: جندوبة | B12: =النشاط!F15 -> 3 | E12: 1
A13: تونس | B13: =النشاط!F16 -> 8 | D13: 1
A14: توزر | B14: =النشاط!F17 -> 4 | D14: 1
A15: تطاوين | B15: =النشاط!F18 -> 5
A16: بنزرت | B16: =النشاط!F19 -> 5
A17: بن عروس | B17: =النشاط!F20 -> 29 | E17: 1
A18: باجة | B18: =النشاط!F21 -> 5 | E18: 2
A19: المهدية | B19: =النشاط!F22 -> 1 | D19: 1
A20: المنستير | B20: =النشاط!F23 -> 12 | E20: 1
A21: الكاف | B21: =النشاط!F24 -> 0
A22: القيروان | B22: =النشاط!F25 -> 22 | D22: 1 | E22: 3
A23: القصرين | B23: =النشاط!F26 -> 11
A24: الفرق المركزية للأبحاث | B24: =النشاط!F27 -> 0
A25: إقليم الحرس البحري بالوسط | B25: =النشاط!F28 -> 0
A26: إقليم الحرس البحري بالشمال | B26: =النشاط!F29 -> 0
A27: إقليم الحرس البحري بالساحل | B27: =النشاط!F30 -> 0 | E27: 1
A28: إقليم الحرس البحري بالجنوب | B28: =النشاط!F31 -> 0
A29: أريانة | B29: =النشاط!F32 -> 23 | E29: 3
A30: إدارة مكافحة الإرهاب | B30: =النشاط!F33 -> 0
A31: إدارة حرس المرور | B31: =النشاط!F34 -> 1 | E31: 1
A32: إدارة الشؤون العدلية | B32: =النشاط!F35 -> 0
A34: المجموع | B34: =SUM(Tableau9[عدد الأشخاص المفتش عنهم والملقي عليهم القبض]) -> 262 | D34: =SUM(Tableau9[عدد العناصر الخطيرة المحتفظ بهم]) -> 8 | E34: =SUM(Tableau9[[وسائل محل تفتيش ]]) -> 20

Sheet العناصر السلفية  
A1: الأقاليم | B1: عدد المحتفظ بهم من أجل الاشتباه أو الانتماء إلى تنظيم إرهابي | C1: عدد المحتفظ بهم المفتش عنهم من أجل الاشتباه أو الانتماء إلى تنظيم إرهابي
A2: نابل | B2: 0 | C2: 0
A3: مدنين | B3: 0 | C3: 0
A4: قفصة | B4: 0 | C4: 0
A5: قبلي | B5: 0 | C5: 0
A6: قابس | B6: 0 | C6: 0
A7: صفاقس | B7: 0 | C7: 0
A8: سيدي بوزيد | B8: 0 | C8: 0
A9: سوسة | B9: 0 | C9: 0
A10: سليانة | B10: 0 | C10: 0
A11: زغوان | B11: 0 | C11: 0
A12: جندوبة | B12: 0 | C12: 0
A13: تونس | B13: 0 | C13: 0
... A32: إدارة مكافحة الإرهاب | B32: 0 | C32: 0
A34: المجموع | B34: =SUM(Tableau7[عدد المحتفظ بهم من أجل الاشتباه أو الانتماء إلى تنظيم إرهابي]) -> 0 | C34: =SUM(Tableau7[عدد المحتفظ بهم المفتش عنهم من أجل الاشتباه أو الانتماء إلى تنظيم إرهابي]) -> 0
